proposalId,Enigma,Tessellated,MANTRA,Easy 2 Stake,S16 Research Vent...,Stir,IRISNET,Sygnum,Bunkerstake.io,Dora Factory PGS,Compass,strangelove,CrowdControl,Blockdaemon,Virtual Hive,Bro_n_Bro,Chorus One,DSRV,Golden Ratio Staking,WeStaking,Stakecito,Coinage x DAIC,EZ Staking,Cosmos Spaces,Nansen,Informal Systems,vido.info,Leap Wallet,ECO Stake,ZKV,BigBrainStaking,w3coins,ShapeShift DAO,TerraBitcoin Club,Trust Nodes,CryptoCrew Vali...,stake.systems,a41,cosmostation,nylira.net,Kiln,Stakely.io,kjnodes.com,Ztake.org,CEX.IO Validator,BlueStake,Vitwit (Previously...),Blocks United,Everstake,Simply Staking,PRO Delegators,biglazycat.com,decentralizehk,Vortex.live,Stake&Relax,Meria,Ubik Capital,CroutonDigital,blockscape,Amplifier,Citadel.one,Kahuna,Keplr,Binary Builders,Forbole,Umbrella,Frens,KalpaTech,node101,Silk Nodes,Swiss Staking,Obase.vc,TTT VN,Allnodes,Node Guardians,Smart Stake,GATA HUB,CryptoDungeon,Lavender.Five No...,Chill Validation,O1node,Oni | Stake fo...,Citizen Web3,in3s.com,Moonlet,cosmosrescue,Kintsugi Nodes,Stakin,NodeStake | Lotto...,HighStakes.ch,Interstellar Loun...,Stakeflow,GAME,Cypher Core,Huginn,Imperator.co,Cosmic Validator,WhisperNode,polkachu.com,Quokka Stake,DELIGHT,Crosnest,SG-1,cosmos Af,HyperblocksPro,POSTHUMAN Stak...,Chainflow,TeeNode,Provalidator,PRYZM | StakeDrop,StakeLab.zone,Onbloc Node,IcyCRO,CloudByte,DokiaCapital,SmartNodes,PUPMOS,hashtower,P2P.ORG - P2P Val...,StakeSeeker by BTCS,jabbey,Factor,iqlusion,MultiChain ventures,ChainLayer,HashKey Cloud,Cryptostake.com,Colossus,Alessandro Mazza,Klub Staking,Ping,lunamint,BlockHunters,dForce,Blockpower,Sikka,Multiplex,Stargaze,interchain.FM,bitlabs,KysenPool Sky,BitValidator,commercio.network,Ledger,Commons Hub,grant.fish,stake.fish,Atomic power node,securesecrets,uGaenn,Defi Wallet,Wetez,BouBouNode,Dawns.world,Huobi,Staking Fund,Coinbase,InfStones,Staked,NO! Fee to 2025,KuCoin,Paradigm,Figment,stakezone,LikeCoin by Liker...,CoinoneNode,Valnodes - Carbon...
966,1,1,1,1,1,1,1,1,1,1,1,1,1,1,1,1,1,1,2,1,1,1,1,1,1,1,1,1,1,1,1,1,1,1,1,1,1,1,1,1,1,1,1,1,1,1,1,1,1,1,1,1,1,1,1,1,1,1,1,1,1,1,1,1,1,1,1,1,1,1,1,1,1,1,1,1,1,1,1,1,1,1,1,1,1,1,1,1,1,1,1,1,1,1,1,1,1,1,1,1,N/A,N/A,N/A,N/A,N/A,N/A,N/A,N/A,N/A,N/A,N/A,N/A,N/A,N/A,N/A,N/A,N/A,N/A,N/A,N/A,N/A,N/A,N/A,N/A,N/A,N/A,N/A,N/A,N/A,N/A,N/A,N/A,N/A,N/A,N/A,N/A,N/A,N/A,N/A,N/A,N/A,N/A,N/A,N/A,N/A,N/A,N/A,N/A,N/A,N/A,N/A,N/A,N/A,N/A,N/A,N/A,N/A,N/A,N/A,N/A,N/A,N/A,N/A,N/A,N/A,N/A,N/A
957,1,1,N/A,N/A,1,1,1,1,1,N/A,1,1,1,1,1,1,1,1,2,1,1,2,N/A,N/A,1,1,1,1,1,1,1,1,1,1,2,1,1,1,1,N/A,1,1,N/A,1,1,1,2,1,1,1,1,1,1,1,1,1,2,4,1,1,1,2,1,1,N/A,1,1,1,1,1,1,1,1,1,1,1,1,1,1,1,2,1,1,1,1,1,1,1,1,1,1,1,1,1,1,2,1,1,1,1,1,2,1,N/A,N/A,1,1,1,N/A,1,1,N/A,1,N/A,N/A,N/A,1,N/A,N/A,N/A,N/A,N/A,N/A,N/A,N/A,N/A,N/A,N/A,N/A,N/A,N/A,N/A,N/A,N/A,N/A,N/A,N/A,N/A,N/A,N/A,N/A,N/A,N/A,N/A,N/A,N/A,N/A,N/A,N/A,N/A,N/A,N/A,N/A,N/A,N/A,N/A,N/A,N/A,N/A,N/A,N/A,N/A,N/A,N/A,N/A,N/A,N/A
956,2,3,N/A,N/A,3,3,1,3,3,N/A,N/A,1,3,3,3,3,2,3,4,3,3,3,4,N/A,3,3,1,3,2,3,3,2,3,3,2,3,1,3,3,N/A,2,3,N/A,3,2,3,3,3,3,3,1,3,1,2,3,1,3,4,2,3,3,2,3,N/A,N/A,1,2,3,4,2,3,3,3,3,3,3,1,2,2,3,2,4,3,3,2,3,3,2,2,3,4,2,3,2,3,2,2,2,1,3,N/A,4,N/A,N/A,N/A,3,3,3,N/A,3,3,N/A,1,N/A,N/A,N/A,3,2,N/A,N/A,N/A,N/A,N/A,N/A,N/A,N/A,N/A,N/A,N/A,N/A,N/A,N/A,N/A,N/A,N/A,N/A,N/A,N/A,N/A,N/A,N/A,N/A,N/A,N/A,N/A,N/A,N/A,N/A,N/A,N/A,N/A,N/A,N/A,N/A,N/A,N/A,N/A,N/A,N/A,N/A,N/A,N/A,N/A,N/A,N/A,N/A,N/A
955,1,1,N/A,N/A,1,1,1,2,1,1,N/A,1,1,1,1,1,1,2,2,1,1,2,1,N/A,1,1,1,1,1,1,N/A,1,N/A,1,2,2,1,1,1,N/A,1,1,1,N/A,1,1,1,1,1,1,1,1,1,1,1,1,2,4,1,1,1,1,1,N/A,N/A,2,1,2,1,1,1,1,1,1,1,2,1,1,1,1,2,1,1,1,1,1,N/A,1,1,1,1,1,1,1,N/A,1,1,1,1,1,1,1,N/A,1,N/A,1,1,1,N/A,1,3,N/A,1,1,1,N/A,1,N/A,1,N/A,N/A,N/A,N/A,N/A,N/A,N/A,N/A,N/A,N/A,N/A,N/A,N/A,N/A,N/A,N/A,N/A,N/A,N/A,N/A,N/A,N/A,N/A,N/A,N/A,N/A,N/A,N/A,N/A,N/A,N/A,N/A,N/A,N/A,N/A,N/A,N/A,N/A,N/A,N/A,N/A,N/A,N/A,N/A,N/A,N/A,N/A,N/A
954,2,1,N/A,N/A,1,1,1,1,1,1,N/A,1,2,2,1,3,1,1,2,1,1,2,1,N/A,1,1,1,1,1,1,N/A,3,N/A,1,2,2,1,2,1,N/A,2,2,1,1,2,1,1,3,1,2,2,3,1,2,1,1,1,2,1,1,2,2,1,1,1,1,2,1,1,3,1,2,1,1,1,2,1,2,1,1,1,3,1,3,2,2,N/A,2,1,2,1,1,1,2,N/A,2,1,2,1,1,2,2,1,1,1,1,1,1,N/A,1,1,N/A,1,N/A,N/A,N/A,3,N/A,1,N/A,N/A,N/A,N/A,N/A,N/A,N/A,N/A,N/A,N/A,N/A,N/A,N/A,N/A,N/A,N/A,N/A,N/A,N/A,N/A,N/A,N/A,N/A,N/A,N/A,N/A,N/A,N/A,N/A,N/A,N/A,N/A,N/A,N/A,N/A,N/A,N/A,N/A,N/A,N/A,N/A,N/A,N/A,N/A,N/A,N/A,N/A,N/A
952,3,3,N/A,N/A,3,1,3,2,1,4,N/A,3,N/A,2,2,2,2,2,2,2,1,2,1,2,2,4,1,2,4,2,N/A,2,N/A,2,2,3,2,1,1,N/A,2,2,2,1,2,4,2,1,2,1,3,3,1,2,3,1,1,4,2,1,1,2,3,N/A,1,2,4,1,2,2,N/A,2,3,2,3,3,2,3,2,1,2,2,3,3,2,2,N/A,2,4,3,2,2,3,3,2,4,3,2,4,1,2,2,1,N/A,N/A,2,2,1,2,1,1,1,2,N/A,N/A,1,1,1,2,2,4,N/A,N/A,N/A,N/A,N/A,N/A,N/A,N/A,N/A,N/A,N/A,N/A,N/A,N/A,N/A,N/A,N/A,N/A,N/A,N/A,N/A,N/A,N/A,N/A,N/A,N/A,N/A,N/A,N/A,N/A,N/A,N/A,N/A,N/A,N/A,N/A,N/A,N/A,N/A,N/A,N/A,N/A,N/A,N/A,N/A,N/A
950,1,1,N/A,1,1,1,1,N/A,1,1,1,1,1,1,1,1,1,1,2,1,1,1,1,2,1,1,1,1,1,1,N/A,1,1,1,2,1,1,1,1,N/A,1,1,1,1,1,1,1,1,1,N/A,1,N/A,1,2,1,1,1,1,1,1,1,1,1,1,N/A,1,1,N/A,1,1,1,1,1,1,1,1,1,1,N/A,1,1,1,1,1,1,1,1,1,1,1,1,1,1,1,1,1,1,1,1,1,1,1,N/A,1,N/A,1,1,N/A,1,N/A,N/A,N/A,1,1,N/A,N/A,1,1,1,2,N/A,N/A,N/A,N/A,N/A,N/A,N/A,N/A,N/A,N/A,N/A,N/A,N/A,N/A,N/A,N/A,N/A,N/A,N/A,N/A,N/A,N/A,N/A,N/A,N/A,N/A,N/A,N/A,N/A,N/A,N/A,N/A,N/A,N/A,N/A,N/A,N/A,N/A,N/A,N/A,N/A,N/A,N/A,N/A,N/A,N/A,N/A
947,1,1,N/A,2,1,1,1,1,1,N/A,N/A,N/A,1,1,1,N/A,1,3,2,1,1,1,2,2,1,1,1,1,1,1,1,1,1,3,2,1,1,1,1,1,1,2,1,1,1,1,1,1,1,1,1,N/A,1,1,1,1,1,1,1,1,1,1,1,1,N/A,1,1,N/A,1,3,1,N/A,1,1,1,3,1,1,N/A,1,1,1,1,1,1,3,N/A,1,1,1,1,1,1,1,1,1,1,1,1,1,1,1,1,N/A,N/A,1,1,N/A,1,N/A,1,N/A,1,N/A,N/A,N/A,1,N/A,1,N/A,N/A,N/A,1,2,N/A,N/A,N/A,N/A,N/A,N/A,N/A,N/A,N/A,N/A,N/A,N/A,N/A,N/A,N/A,N/A,N/A,N/A,N/A,N/A,N/A,N/A,N/A,N/A,N/A,N/A,N/A,N/A,N/A,N/A,N/A,N/A,N/A,N/A,N/A,N/A,N/A,N/A,N/A,N/A,N/A,N/A,N/A
946,3,N/A,N/A,3,2,3,1,3,3,N/A,N/A,N/A,3,1,1,N/A,2,3,2,3,3,2,3,3,3,1,1,1,1,1,2,3,3,1,2,2,2,1,1,3,2,3,2,3,3,1,2,3,1,3,3,N/A,3,2,3,2,3,1,2,1,2,2,3,2,N/A,1,2,N/A,1,2,1,1,1,3,2,2,3,3,1,1,2,3,2,1,2,3,N/A,2,2,3,1,2,2,2,1,2,2,3,1,2,2,3,N/A,N/A,N/A,1,2,N/A,N/A,1,3,N/A,1,N/A,N/A,N/A,1,N/A,2,N/A,N/A,N/A,1,N/A,N/A,N/A,N/A,N/A,N/A,N/A,N/A,N/A,N/A,N/A,N/A,N/A,N/A,N/A,N/A,N/A,N/A,N/A,N/A,N/A,N/A,N/A,N/A,N/A,N/A,N/A,N/A,N/A,N/A,N/A,N/A,N/A,N/A,N/A,N/A,N/A,N/A,N/A,N/A,N/A,N/A,N/A,N/A
948,1,1,N/A,1,1,1,1,N/A,1,N/A,1,N/A,1,N/A,1,1,1,1,2,1,1,1,1,1,1,1,1,1,1,1,1,1,1,1,1,1,1,1,1,1,1,1,1,1,1,N/A,1,1,1,1,1,N/A,1,1,1,1,N/A,1,1,1,1,1,1,1,N/A,1,1,N/A,1,1,1,1,1,1,1,1,1,1,N/A,1,1,N/A,1,1,1,1,1,1,1,1,1,1,1,1,N/A,1,1,1,1,1,1,1,N/A,1,1,N/A,1,N/A,1,N/A,N/A,N/A,1,N/A,N/A,N/A,1,N/A,1,N/A,1,1,1,1,N/A,N/A,N/A,N/A,N/A,N/A,N/A,N/A,N/A,N/A,N/A,N/A,N/A,N/A,N/A,N/A,N/A,N/A,N/A,N/A,N/A,N/A,N/A,N/A,N/A,N/A,N/A,N/A,N/A,N/A,N/A,N/A,N/A,N/A,N/A,N/A,N/A,N/A,N/A,N/A,N/A,N/A,N/A
944,N/A,1,N/A,1,1,1,N/A,N/A,1,N/A,1,N/A,1,1,1,1,1,2,2,N/A,1,1,N/A,2,N/A,1,1,N/A,1,1,1,1,1,1,2,1,N/A,1,1,N/A,1,1,N/A,1,1,1,1,1,1,1,1,N/A,1,1,N/A,1,1,1,1,1,1,1,1,1,N/A,2,1,N/A,1,1,1,1,1,1,1,1,1,1,N/A,1,1,1,1,1,1,1,1,1,1,1,1,1,1,1,1,1,1,1,1,1,1,1,1,1,N/A,1,1,N/A,1,1,1,N/A,1,N/A,N/A,N/A,1,N/A,1,2,N/A,N/A,1,N/A,1,1,N/A,N/A,N/A,N/A,N/A,N/A,N/A,N/A,N/A,N/A,N/A,N/A,N/A,N/A,N/A,N/A,N/A,N/A,N/A,N/A,N/A,N/A,N/A,N/A,N/A,N/A,N/A,N/A,N/A,N/A,N/A,N/A,N/A,N/A,N/A,N/A,N/A,N/A,N/A,N/A,N/A
943,N/A,1,N/A,1,1,1,N/A,N/A,2,N/A,N/A,N/A,1,1,1,1,1,1,2,1,1,1,N/A,2,N/A,1,1,N/A,1,1,1,3,1,1,2,2,N/A,1,1,N/A,2,2,N/A,1,1,1,1,1,1,1,1,N/A,1,1,N/A,1,1,1,1,1,1,1,1,1,N/A,1,2,N/A,1,1,1,1,1,1,1,2,2,1,N/A,1,1,N/A,1,3,1,2,1,2,1,2,1,1,1,1,2,4,1,1,1,1,1,2,N/A,1,N/A,1,1,N/A,1,1,N/A,N/A,1,N/A,N/A,N/A,1,N/A,1,2,N/A,N/A,1,N/A,2,N/A,N/A,N/A,N/A,N/A,N/A,N/A,N/A,N/A,N/A,N/A,N/A,N/A,N/A,N/A,N/A,N/A,N/A,N/A,N/A,N/A,N/A,N/A,N/A,N/A,N/A,N/A,N/A,N/A,N/A,N/A,N/A,N/A,N/A,N/A,N/A,N/A,N/A,N/A,N/A,N/A,N/A
940,1,1,N/A,1,1,1,1,N/A,2,N/A,1,N/A,1,N/A,1,1,1,1,2,1,1,1,1,N/A,1,1,1,1,1,1,N/A,1,1,1,2,1,N/A,1,1,N/A,1,1,1,1,1,1,1,1,1,1,1,N/A,1,1,1,1,1,1,1,N/A,1,1,1,1,N/A,1,1,N/A,1,1,1,1,1,1,1,1,1,1,1,N/A,1,1,1,1,1,1,1,1,1,1,1,N/A,1,1,1,1,1,1,1,1,N/A,1,4,1,1,1,1,1,1,1,1,N/A,1,N/A,N/A,N/A,1,N/A,4,N/A,N/A,N/A,N/A,N/A,N/A,N/A,1,1,1,N/A,N/A,N/A,N/A,N/A,N/A,N/A,N/A,N/A,N/A,N/A,N/A,N/A,N/A,N/A,N/A,N/A,N/A,N/A,N/A,N/A,N/A,N/A,N/A,N/A,N/A,N/A,N/A,N/A,N/A,N/A,N/A,N/A,N/A,N/A,N/A,N/A,N/A
937,1,N/A,N/A,1,1,1,1,N/A,1,N/A,1,N/A,1,N/A,1,1,1,1,1,1,1,1,1,1,1,1,1,1,1,1,N/A,1,1,1,1,1,N/A,1,1,N/A,1,1,1,1,1,1,1,1,1,1,1,N/A,1,1,N/A,1,1,1,1,1,1,1,1,1,N/A,1,1,1,1,1,1,1,1,1,1,1,1,1,1,1,1,1,1,1,1,1,1,1,1,1,1,1,1,1,N/A,4,1,1,1,1,1,1,1,1,N/A,1,1,1,1,1,1,N/A,1,N/A,N/A,N/A,1,N/A,1,1,N/A,N/A,N/A,N/A,N/A,N/A,1,1,1,1,1,1,1,N/A,N/A,N/A,N/A,N/A,N/A,N/A,N/A,N/A,N/A,N/A,N/A,N/A,N/A,N/A,N/A,N/A,N/A,N/A,N/A,N/A,N/A,N/A,N/A,N/A,N/A,N/A,N/A,N/A,N/A,N/A,N/A,N/A,N/A
935,1,1,N/A,1,1,1,1,N/A,1,N/A,1,N/A,1,N/A,1,1,1,3,1,1,1,1,N/A,1,N/A,1,1,1,1,1,N/A,1,1,1,2,1,N/A,1,1,N/A,1,1,1,1,1,1,1,1,1,N/A,1,N/A,1,1,N/A,2,1,1,1,1,1,1,1,1,N/A,1,1,1,1,1,1,1,1,1,1,1,1,1,1,1,1,1,1,1,1,1,N/A,1,1,1,1,1,1,1,N/A,4,1,1,1,1,1,1,N/A,1,N/A,1,1,1,1,1,1,N/A,1,N/A,N/A,N/A,1,N/A,1,2,N/A,N/A,N/A,N/A,N/A,1,1,N/A,1,1,1,N/A,1,N/A,N/A,N/A,N/A,N/A,N/A,N/A,N/A,N/A,N/A,N/A,N/A,N/A,N/A,N/A,N/A,N/A,N/A,N/A,N/A,N/A,N/A,N/A,N/A,N/A,N/A,N/A,N/A,N/A,N/A,N/A,N/A,N/A,N/A
931,1,1,N/A,N/A,1,1,N/A,N/A,3,N/A,1,N/A,2,1,1,1,1,1,1,1,1,1,1,1,1,1,1,1,1,1,N/A,1,N/A,1,2,2,N/A,1,1,N/A,1,1,1,1,2,4,1,1,1,1,1,N/A,1,2,2,2,1,1,1,1,2,1,1,N/A,N/A,1,1,1,1,1,1,1,1,1,1,1,1,1,1,N/A,1,1,1,1,1,1,1,2,1,1,1,1,1,1,1,2,1,1,1,1,1,1,2,1,N/A,1,1,N/A,1,1,1,N/A,1,N/A,N/A,N/A,1,N/A,1,2,N/A,N/A,N/A,N/A,N/A,N/A,1,N/A,N/A,2,1,N/A,1,N/A,N/A,N/A,N/A,N/A,N/A,N/A,N/A,N/A,N/A,N/A,N/A,N/A,N/A,N/A,N/A,N/A,N/A,N/A,N/A,N/A,N/A,N/A,N/A,N/A,N/A,N/A,N/A,N/A,N/A,N/A,N/A,N/A,N/A
930,1,1,2,3,1,1,N/A,N/A,2,N/A,1,N/A,2,1,1,3,1,2,1,1,1,3,1,N/A,N/A,1,1,1,1,N/A,2,1,N/A,1,2,1,N/A,1,1,N/A,2,1,1,1,1,1,1,N/A,1,1,1,N/A,1,1,3,1,1,1,3,1,1,1,1,1,N/A,1,1,N/A,1,3,1,1,1,1,1,3,1,3,1,N/A,2,3,1,1,1,3,1,1,1,1,1,1,2,1,1,4,2,1,1,1,1,3,N/A,1,N/A,1,N/A,N/A,1,1,1,N/A,1,N/A,N/A,N/A,1,N/A,1,N/A,N/A,1,N/A,N/A,N/A,N/A,1,N/A,N/A,1,1,N/A,1,1,1,N/A,N/A,N/A,N/A,N/A,N/A,N/A,N/A,N/A,N/A,N/A,N/A,N/A,N/A,N/A,N/A,N/A,N/A,N/A,N/A,N/A,N/A,N/A,N/A,N/A,N/A,N/A,N/A,N/A,N/A,N/A,N/A
927,1,1,2,1,1,1,1,1,1,N/A,1,N/A,1,N/A,1,1,1,2,1,1,1,1,2,2,N/A,1,N/A,1,1,1,1,1,1,1,2,2,N/A,1,1,N/A,2,2,N/A,1,N/A,1,1,1,1,2,1,N/A,N/A,1,1,1,1,2,1,1,1,1,1,N/A,N/A,1,1,N/A,1,N/A,1,1,1,1,1,1,1,1,1,N/A,1,1,2,1,1,1,1,2,1,1,1,1,1,1,N/A,1,1,1,1,1,1,2,1,N/A,N/A,1,1,N/A,1,1,1,N/A,1,N/A,N/A,N/A,1,N/A,1,2,N/A,N/A,N/A,N/A,1,1,1,N/A,1,N/A,1,N/A,N/A,N/A,N/A,N/A,N/A,N/A,N/A,N/A,N/A,N/A,N/A,N/A,N/A,N/A,N/A,N/A,N/A,N/A,N/A,N/A,N/A,N/A,N/A,N/A,N/A,N/A,N/A,N/A,N/A,N/A,N/A,N/A,N/A,N/A,N/A
926,1,1,1,N/A,1,1,1,N/A,1,N/A,1,N/A,1,N/A,1,N/A,1,1,1,1,1,1,1,1,1,1,1,N/A,1,1,1,1,1,1,1,1,1,1,1,N/A,1,1,1,1,N/A,N/A,1,1,1,1,1,N/A,N/A,1,1,1,1,1,1,1,1,1,1,N/A,1,1,1,N/A,1,N/A,1,1,1,1,1,1,1,1,1,1,1,1,1,1,1,1,N/A,1,1,1,1,1,N/A,1,1,1,1,1,1,1,1,1,N/A,1,N/A,1,1,N/A,1,1,N/A,N/A,1,N/A,N/A,N/A,1,N/A,1,1,1,N/A,1,N/A,1,N/A,1,N/A,1,N/A,1,N/A,N/A,N/A,N/A,N/A,N/A,N/A,N/A,N/A,N/A,N/A,N/A,N/A,N/A,N/A,N/A,N/A,N/A,N/A,N/A,N/A,N/A,N/A,N/A,N/A,N/A,N/A,N/A,N/A,N/A,N/A,N/A,N/A,N/A,N/A,N/A
924,1,1,1,N/A,1,1,1,3,1,N/A,1,N/A,1,1,1,1,1,1,1,1,N/A,1,1,1,N/A,N/A,N/A,1,N/A,1,N/A,1,1,1,1,1,1,1,1,1,1,1,1,1,1,N/A,1,1,1,N/A,1,N/A,1,1,1,1,1,1,1,1,1,1,1,1,N/A,1,1,1,1,1,1,1,1,1,1,1,1,1,1,1,1,1,1,1,1,1,1,1,1,1,1,1,1,1,1,4,1,1,1,1,1,1,1,1,1,1,1,N/A,1,N/A,1,N/A,1,N/A,N/A,1,1,N/A,1,1,N/A,N/A,N/A,N/A,1,1,1,N/A,1,N/A,1,N/A,1,N/A,N/A,N/A,1,N/A,N/A,N/A,N/A,N/A,N/A,N/A,N/A,N/A,N/A,N/A,N/A,N/A,N/A,N/A,N/A,N/A,N/A,N/A,N/A,N/A,N/A,N/A,N/A,N/A,N/A,N/A,N/A,N/A,N/A
920,2,N/A,2,N/A,1,2,1,N/A,2,N/A,N/A,3,N/A,1,1,1,2,2,2,N/A,2,2,2,1,N/A,N/A,2,2,1,2,N/A,1,N/A,2,2,2,2,N/A,1,N/A,2,1,2,1,N/A,N/A,N/A,N/A,2,N/A,2,N/A,1,1,2,2,2,4,3,1,2,2,2,2,2,2,2,2,1,2,2,1,1,1,N/A,2,1,1,1,1,2,1,2,1,2,1,1,3,1,1,1,2,2,2,3,2,2,2,2,1,2,1,3,1,N/A,1,N/A,N/A,2,N/A,2,N/A,2,N/A,N/A,1,3,1,1,2,1,N/A,N/A,N/A,N/A,2,N/A,N/A,N/A,N/A,2,N/A,2,N/A,N/A,1,N/A,1,N/A,N/A,N/A,N/A,N/A,N/A,N/A,N/A,N/A,N/A,N/A,N/A,N/A,N/A,N/A,N/A,N/A,N/A,N/A,N/A,N/A,N/A,N/A,N/A,N/A,N/A,N/A,N/A,N/A
921,2,N/A,2,N/A,2,2,3,N/A,2,N/A,N/A,N/A,3,3,2,2,2,2,2,N/A,2,2,2,2,N/A,N/A,2,2,2,2,N/A,2,N/A,2,2,2,2,N/A,1,N/A,2,2,2,3,N/A,N/A,2,N/A,2,2,2,N/A,1,2,2,2,2,4,3,1,2,2,2,2,2,2,2,2,2,2,2,2,N/A,2,N/A,2,1,2,1,3,2,2,2,3,2,1,1,1,2,2,2,2,2,2,3,2,2,2,2,2,2,1,2,2,N/A,1,N/A,N/A,2,2,2,N/A,2,N/A,N/A,3,3,2,2,2,N/A,N/A,N/A,N/A,N/A,2,N/A,N/A,N/A,N/A,1,N/A,2,N/A,N/A,1,N/A,N/A,2,N/A,N/A,N/A,N/A,N/A,N/A,N/A,N/A,N/A,N/A,N/A,N/A,N/A,N/A,N/A,N/A,N/A,N/A,N/A,N/A,N/A,N/A,N/A,N/A,N/A,N/A,N/A,N/A
917,2,1,2,1,2,1,N/A,1,2,2,N/A,N/A,1,1,1,1,N/A,2,1,1,1,2,N/A,N/A,1,1,N/A,1,1,1,N/A,1,2,1,2,2,N/A,1,1,N/A,1,1,N/A,1,N/A,N/A,1,1,1,1,1,N/A,1,1,1,N/A,1,1,1,3,1,1,1,1,N/A,1,1,N/A,1,1,1,1,1,1,N/A,2,2,1,1,1,2,1,2,1,1,2,1,2,1,1,1,1,1,1,1,1,2,1,1,1,2,2,1,1,N/A,1,1,N/A,1,1,1,2,1,N/A,N/A,N/A,1,N/A,1,N/A,N/A,N/A,N/A,N/A,N/A,2,N/A,N/A,N/A,N/A,1,N/A,N/A,N/A,N/A,N/A,N/A,N/A,N/A,1,N/A,N/A,N/A,N/A,N/A,N/A,N/A,N/A,N/A,N/A,N/A,N/A,N/A,N/A,N/A,N/A,N/A,N/A,N/A,N/A,N/A,N/A,N/A,N/A,N/A,N/A,N/A
916,3,3,2,3,3,3,N/A,3,3,2,N/A,N/A,1,N/A,2,3,N/A,2,1,3,N/A,2,N/A,1,3,3,N/A,3,3,2,2,1,3,2,2,2,N/A,N/A,3,N/A,1,3,N/A,3,1,N/A,N/A,N/A,3,3,1,N/A,1,3,3,N/A,1,1,3,3,1,2,1,3,N/A,2,1,N/A,1,3,1,3,N/A,3,N/A,2,2,1,1,3,2,1,3,3,1,3,3,2,2,2,1,2,1,1,2,1,2,2,1,3,3,2,N/A,N/A,N/A,3,1,N/A,3,3,3,3,1,N/A,N/A,N/A,1,N/A,3,2,N/A,N/A,N/A,N/A,N/A,3,N/A,N/A,N/A,N/A,N/A,N/A,N/A,N/A,N/A,N/A,N/A,N/A,1,N/A,N/A,N/A,N/A,N/A,N/A,N/A,N/A,N/A,N/A,N/A,N/A,N/A,N/A,N/A,N/A,N/A,N/A,N/A,N/A,N/A,N/A,N/A,N/A,N/A,N/A,N/A,N/A
914,1,N/A,1,1,1,1,1,N/A,1,1,1,N/A,1,N/A,1,1,1,1,1,1,1,1,N/A,1,1,1,N/A,N/A,1,1,1,N/A,1,1,1,1,N/A,1,1,N/A,1,1,N/A,1,1,N/A,1,1,1,1,1,N/A,1,1,N/A,1,1,1,1,1,1,1,1,N/A,1,1,1,N/A,1,N/A,1,1,1,1,1,1,1,1,1,1,1,1,1,1,1,1,1,1,1,1,1,1,1,1,1,1,1,1,1,1,1,1,1,N/A,1,1,1,N/A,1,1,1,1,1,N/A,N/A,N/A,1,N/A,N/A,1,N/A,N/A,N/A,N/A,N/A,1,N/A,N/A,1,N/A,1,N/A,1,N/A,1,N/A,1,N/A,N/A,1,N/A,N/A,N/A,N/A,N/A,N/A,N/A,N/A,N/A,N/A,N/A,N/A,N/A,N/A,N/A,N/A,N/A,N/A,N/A,N/A,N/A,N/A,N/A,N/A,N/A,N/A,N/A
912,1,N/A,N/A,1,1,1,1,N/A,2,1,1,N/A,2,N/A,1,3,2,2,2,1,1,1,N/A,1,2,1,N/A,1,1,2,2,1,1,1,2,2,1,1,1,N/A,2,1,4,1,1,N/A,N/A,1,1,1,1,N/A,1,2,1,1,N/A,1,1,1,1,N/A,1,1,2,1,1,N/A,1,1,1,1,1,3,N/A,2,3,1,1,3,1,1,1,1,1,3,N/A,1,1,2,1,1,1,1,1,1,1,1,1,N/A,2,2,3,N/A,2,N/A,2,N/A,1,1,3,2,1,N/A,N/A,N/A,3,N/A,1,2,N/A,N/A,1,N/A,2,1,N/A,N/A,3,1,N/A,N/A,1,N/A,N/A,N/A,1,N/A,N/A,1,N/A,N/A,N/A,N/A,N/A,N/A,N/A,N/A,N/A,N/A,N/A,N/A,N/A,N/A,N/A,N/A,N/A,N/A,N/A,N/A,N/A,N/A,N/A,N/A,N/A,N/A,N/A
897,1,1,N/A,N/A,1,1,1,N/A,1,1,1,N/A,1,N/A,1,1,1,1,1,1,N/A,1,1,1,1,1,N/A,1,N/A,1,N/A,N/A,1,1,1,1,N/A,N/A,1,N/A,1,1,1,1,N/A,N/A,1,1,1,1,N/A,N/A,N/A,N/A,N/A,1,1,1,1,1,1,1,N/A,1,1,1,1,1,1,1,N/A,1,1,1,1,N/A,N/A,1,N/A,N/A,1,1,1,1,N/A,1,N/A,N/A,1,1,1,1,1,1,1,1,N/A,1,N/A,1,1,N/A,1,1,N/A,N/A,1,N/A,1,1,1,1,1,N/A,N/A,N/A,1,N/A,1,2,1,N/A,N/A,N/A,1,1,N/A,N/A,N/A,1,N/A,N/A,1,N/A,1,N/A,1,N/A,N/A,1,1,1,N/A,N/A,N/A,N/A,N/A,N/A,N/A,N/A,N/A,N/A,N/A,N/A,N/A,N/A,N/A,N/A,N/A,N/A,N/A,N/A,N/A,N/A,N/A,N/A,N/A
895,1,1,N/A,2,3,1,1,N/A,2,N/A,2,N/A,1,N/A,2,3,1,N/A,1,3,1,1,2,1,2,1,N/A,1,N/A,2,2,N/A,2,1,N/A,N/A,3,N/A,3,N/A,N/A,2,N/A,2,N/A,N/A,N/A,1,1,1,N/A,N/A,N/A,N/A,N/A,2,N/A,N/A,1,1,2,1,N/A,1,3,3,1,3,1,1,3,2,1,3,2,N/A,N/A,1,N/A,N/A,2,N/A,N/A,1,N/A,N/A,N/A,N/A,1,1,1,2,3,3,1,2,N/A,N/A,1,3,3,3,1,N/A,N/A,N/A,2,N/A,2,1,3,3,N/A,N/A,N/A,N/A,3,N/A,1,2,1,N/A,N/A,2,2,2,N/A,N/A,1,2,1,N/A,N/A,N/A,1,N/A,1,N/A,N/A,1,N/A,N/A,2,N/A,N/A,N/A,N/A,N/A,N/A,N/A,N/A,N/A,N/A,N/A,N/A,N/A,N/A,N/A,N/A,N/A,N/A,N/A,N/A,N/A,N/A,N/A,N/A
893,N/A,N/A,N/A,3,3,3,3,N/A,N/A,N/A,N/A,N/A,3,3,3,3,3,N/A,4,3,N/A,N/A,3,3,3,3,N/A,3,N/A,3,3,N/A,N/A,3,N/A,N/A,3,N/A,3,4,N/A,3,3,3,N/A,N/A,N/A,N/A,3,3,4,N/A,N/A,N/A,N/A,3,3,N/A,3,4,N/A,3,N/A,3,3,3,2,3,4,N/A,N/A,3,N/A,N/A,3,N/A,N/A,3,N/A,N/A,3,N/A,N/A,4,N/A,N/A,N/A,N/A,3,3,4,3,3,3,2,3,N/A,N/A,3,4,3,3,3,N/A,N/A,N/A,3,N/A,2,N/A,3,3,N/A,N/A,N/A,N/A,3,N/A,3,2,N/A,N/A,N/A,3,3,1,N/A,N/A,3,N/A,2,N/A,N/A,N/A,N/A,N/A,N/A,N/A,N/A,3,N/A,N/A,3,N/A,N/A,N/A,N/A,N/A,N/A,N/A,N/A,N/A,N/A,N/A,N/A,N/A,N/A,N/A,N/A,N/A,N/A,N/A,N/A,N/A,N/A,N/A,N/A
890,1,1,N/A,N/A,1,1,N/A,N/A,1,1,1,1,1,N/A,1,N/A,1,N/A,1,N/A,1,1,N/A,N/A,1,1,1,N/A,1,1,1,1,1,1,N/A,1,1,1,1,1,1,1,1,1,N/A,N/A,1,1,N/A,N/A,1,N/A,1,1,1,1,1,N/A,1,1,1,1,1,N/A,1,2,1,1,1,1,1,N/A,N/A,1,1,1,2,1,1,1,1,1,1,1,N/A,1,N/A,1,1,1,1,1,1,1,1,N/A,1,1,1,1,1,N/A,2,2,1,1,N/A,N/A,N/A,N/A,1,1,1,N/A,N/A,N/A,1,N/A,1,N/A,N/A,N/A,N/A,N/A,1,1,N/A,1,1,1,1,N/A,1,N/A,N/A,N/A,N/A,N/A,N/A,N/A,1,N/A,1,N/A,N/A,N/A,N/A,N/A,N/A,N/A,N/A,N/A,N/A,N/A,N/A,N/A,N/A,N/A,N/A,N/A,N/A,N/A,N/A,N/A,N/A,N/A,N/A
885,1,1,N/A,1,1,1,1,1,1,1,1,1,1,N/A,N/A,1,1,1,1,1,1,1,1,1,1,1,1,1,1,1,1,1,1,1,1,1,1,1,1,N/A,1,1,1,1,N/A,N/A,1,1,1,1,1,N/A,1,1,1,N/A,2,N/A,1,1,1,N/A,1,1,N/A,1,1,N/A,1,1,1,1,1,1,1,1,1,1,1,1,1,1,1,1,N/A,1,N/A,1,1,1,1,1,1,1,1,1,1,1,1,1,N/A,1,1,1,1,1,N/A,N/A,1,N/A,1,1,1,N/A,N/A,N/A,1,N/A,1,1,1,N/A,N/A,N/A,1,1,N/A,1,1,N/A,1,N/A,1,N/A,1,N/A,N/A,N/A,N/A,N/A,1,1,N/A,N/A,N/A,N/A,N/A,N/A,N/A,N/A,N/A,N/A,N/A,N/A,N/A,N/A,N/A,N/A,N/A,N/A,N/A,N/A,N/A,N/A,N/A,N/A,N/A
880,1,N/A,N/A,N/A,1,1,1,1,1,1,1,N/A,1,N/A,1,1,1,1,1,1,1,1,2,1,1,N/A,1,1,1,1,1,1,1,1,1,1,1,1,1,N/A,1,1,1,1,N/A,N/A,1,N/A,1,1,1,N/A,1,1,1,1,4,N/A,1,1,1,N/A,1,1,1,1,1,N/A,1,1,1,1,1,1,N/A,N/A,1,N/A,1,1,1,1,1,1,N/A,1,1,1,1,1,N/A,1,1,1,N/A,1,1,1,1,1,1,1,N/A,1,1,1,1,N/A,1,1,1,1,N/A,N/A,N/A,N/A,3,N/A,1,2,1,1,N/A,1,1,N/A,N/A,1,1,N/A,1,1,N/A,N/A,1,N/A,N/A,N/A,N/A,N/A,N/A,1,N/A,2,N/A,N/A,N/A,N/A,N/A,N/A,N/A,N/A,N/A,N/A,N/A,N/A,N/A,N/A,N/A,N/A,N/A,N/A,N/A,N/A,N/A,N/A,N/A
877,1,1,N/A,1,1,1,1,1,1,1,1,1,1,N/A,1,1,1,1,N/A,1,1,1,1,1,1,1,1,1,1,2,N/A,1,1,1,2,1,1,1,1,N/A,1,1,1,1,N/A,N/A,1,1,1,1,1,N/A,1,N/A,1,1,2,N/A,1,1,1,N/A,1,1,1,1,1,1,1,1,1,1,1,1,1,1,N/A,1,1,1,1,1,1,1,N/A,1,1,1,1,1,1,1,N/A,1,1,1,1,1,1,1,1,1,1,1,N/A,1,1,N/A,N/A,1,1,1,1,N/A,N/A,N/A,1,N/A,1,2,N/A,N/A,N/A,N/A,4,N/A,N/A,1,1,1,N/A,N/A,1,1,1,N/A,N/A,N/A,N/A,N/A,1,1,N/A,N/A,1,N/A,N/A,N/A,N/A,N/A,N/A,N/A,N/A,N/A,N/A,N/A,N/A,N/A,N/A,N/A,N/A,N/A,N/A,N/A,N/A,N/A,N/A
871,1,1,N/A,2,1,1,1,1,1,1,1,1,1,N/A,1,1,1,1,N/A,1,1,1,1,2,N/A,1,1,1,1,2,1,1,1,1,1,1,1,1,1,1,1,1,1,1,N/A,N/A,1,N/A,1,1,1,N/A,1,1,1,1,2,N/A,1,N/A,1,N/A,1,1,1,N/A,1,1,1,1,1,1,1,1,1,1,1,1,1,1,1,1,1,1,N/A,1,N/A,1,1,N/A,1,1,1,1,1,1,1,1,1,1,1,1,2,1,1,1,1,N/A,1,1,1,1,1,N/A,N/A,N/A,1,N/A,1,2,N/A,N/A,N/A,N/A,1,1,N/A,1,1,1,1,N/A,1,1,1,N/A,N/A,N/A,N/A,N/A,2,N/A,N/A,N/A,4,N/A,N/A,1,N/A,N/A,N/A,N/A,N/A,N/A,N/A,N/A,N/A,N/A,N/A,N/A,N/A,N/A,N/A,N/A,N/A,N/A,N/A
867,1,1,N/A,1,1,1,1,N/A,1,N/A,1,1,2,N/A,1,1,1,1,2,1,1,1,1,1,1,1,4,1,1,2,1,1,1,1,1,2,1,1,1,1,1,1,1,1,N/A,N/A,N/A,1,1,N/A,1,N/A,1,1,1,1,2,N/A,1,N/A,1,N/A,1,1,1,2,1,N/A,1,1,1,1,1,1,1,1,1,1,1,1,1,1,1,1,N/A,1,1,3,1,N/A,1,1,1,1,1,1,1,1,1,1,2,1,2,1,1,1,1,N/A,1,1,2,1,N/A,N/A,N/A,1,1,N/A,1,2,1,N/A,1,1,1,1,N/A,1,1,1,1,N/A,1,1,1,N/A,N/A,N/A,N/A,N/A,1,1,N/A,N/A,1,N/A,N/A,1,N/A,N/A,N/A,N/A,N/A,N/A,N/A,N/A,N/A,N/A,N/A,N/A,N/A,N/A,N/A,N/A,N/A,N/A,N/A
868,2,1,N/A,3,N/A,3,1,N/A,2,1,2,1,2,N/A,1,3,3,3,1,3,1,3,3,3,1,1,3,1,1,2,1,1,3,1,2,2,3,1,3,3,2,3,1,3,N/A,N/A,1,1,3,3,3,N/A,3,1,2,2,3,N/A,3,N/A,3,N/A,3,2,3,N/A,1,N/A,1,3,3,3,3,3,N/A,3,N/A,1,3,1,3,3,3,1,N/A,3,1,3,1,1,1,1,1,3,N/A,2,2,3,1,3,2,3,2,3,N/A,N/A,2,N/A,3,1,2,3,1,N/A,N/A,3,3,N/A,1,3,1,N/A,1,1,2,2,N/A,3,1,3,1,N/A,3,3,3,N/A,N/A,N/A,3,N/A,3,3,N/A,N/A,N/A,3,3,3,1,N/A,N/A,N/A,N/A,N/A,N/A,N/A,N/A,N/A,N/A,N/A,N/A,N/A,N/A,N/A,N/A,N/A,N/A
865,2,2,N/A,2,1,1,1,N/A,2,1,1,1,3,N/A,1,3,N/A,2,1,1,1,1,2,1,2,3,1,1,1,2,1,1,1,1,1,2,1,1,1,N/A,1,2,1,1,N/A,N/A,1,1,1,1,2,N/A,1,1,1,1,2,N/A,1,4,2,N/A,1,1,1,N/A,1,2,N/A,1,1,1,1,2,1,1,1,1,1,1,1,1,2,3,N/A,1,N/A,1,1,1,1,1,1,1,1,2,2,1,1,N/A,2,1,1,1,N/A,1,1,N/A,N/A,1,1,2,1,N/A,N/A,N/A,1,N/A,1,2,N/A,N/A,1,N/A,1,1,N/A,N/A,1,1,1,N/A,N/A,1,1,N/A,1,N/A,N/A,N/A,2,1,N/A,N/A,1,N/A,N/A,1,N/A,N/A,N/A,N/A,N/A,N/A,N/A,N/A,N/A,N/A,N/A,N/A,N/A,N/A,N/A,N/A,N/A,N/A,N/A
864,1,1,N/A,1,1,1,1,1,1,1,1,N/A,1,N/A,1,1,1,1,1,1,1,1,1,1,N/A,1,1,1,1,1,1,1,1,1,1,1,1,1,1,N/A,1,1,1,1,N/A,N/A,1,1,1,1,1,N/A,N/A,1,1,1,2,N/A,1,4,N/A,N/A,1,1,1,N/A,1,1,1,1,1,1,1,1,1,1,1,1,1,1,1,1,1,1,N/A,1,N/A,1,1,1,1,1,1,1,1,1,1,1,1,1,1,1,1,1,N/A,1,1,N/A,N/A,1,1,1,1,N/A,N/A,N/A,1,N/A,1,2,N/A,N/A,1,N/A,1,1,N/A,N/A,1,1,N/A,N/A,1,1,1,N/A,1,N/A,N/A,N/A,2,1,N/A,N/A,1,N/A,N/A,1,N/A,N/A,N/A,N/A,N/A,N/A,N/A,N/A,N/A,N/A,N/A,N/A,N/A,N/A,N/A,N/A,N/A,N/A,N/A
862,1,N/A,N/A,1,1,1,1,1,1,1,1,1,2,N/A,1,1,1,N/A,N/A,1,1,1,1,1,N/A,1,1,1,1,1,1,1,N/A,1,2,2,1,1,1,N/A,2,1,1,1,N/A,N/A,1,N/A,1,1,1,N/A,1,1,1,1,1,N/A,1,1,N/A,N/A,1,N/A,1,N/A,1,1,1,1,1,1,1,1,1,1,1,1,1,1,1,1,1,1,N/A,1,1,1,1,1,1,1,1,1,1,1,1,1,2,1,2,1,1,N/A,N/A,1,1,N/A,N/A,1,1,1,1,N/A,N/A,N/A,1,N/A,1,2,1,1,1,N/A,1,1,N/A,1,1,1,N/A,N/A,N/A,1,1,N/A,1,N/A,N/A,N/A,1,1,N/A,N/A,1,N/A,N/A,1,N/A,N/A,N/A,N/A,N/A,N/A,N/A,N/A,N/A,N/A,N/A,N/A,N/A,N/A,N/A,N/A,N/A,N/A,N/A
861,2,2,N/A,3,3,3,3,1,1,3,2,2,3,N/A,1,1,3,3,N/A,3,3,3,2,3,1,3,1,3,2,2,3,3,3,2,2,3,3,1,2,N/A,3,3,3,3,N/A,N/A,3,1,3,3,3,N/A,3,2,3,1,1,N/A,3,1,2,N/A,3,N/A,3,1,3,1,3,2,3,3,3,3,2,3,2,2,3,3,1,3,1,1,N/A,3,1,3,2,2,2,2,2,3,3,N/A,3,3,3,3,2,3,2,1,N/A,1,1,N/A,N/A,3,3,2,3,N/A,N/A,N/A,3,N/A,3,2,N/A,3,N/A,3,2,2,N/A,3,3,2,2,N/A,N/A,3,3,N/A,2,N/A,N/A,N/A,3,N/A,N/A,N/A,3,N/A,N/A,1,1,N/A,N/A,N/A,N/A,N/A,N/A,N/A,N/A,N/A,N/A,N/A,N/A,N/A,N/A,N/A,N/A,N/A,N/A
860,1,N/A,N/A,1,1,N/A,1,N/A,1,1,N/A,1,1,N/A,1,1,1,N/A,1,1,1,1,1,2,1,1,1,1,1,1,1,1,1,1,N/A,1,1,1,1,N/A,1,1,1,1,N/A,N/A,1,1,1,1,1,N/A,1,1,1,1,1,N/A,1,1,1,N/A,1,1,1,1,1,1,1,1,N/A,1,2,1,1,1,1,1,1,1,1,1,1,1,1,1,1,1,1,1,1,1,1,1,1,1,1,2,1,1,1,1,1,1,1,1,1,N/A,1,1,1,N/A,1,N/A,N/A,N/A,3,N/A,1,2,1,1,1,N/A,1,1,N/A,1,1,1,1,N/A,N/A,1,1,N/A,N/A,N/A,N/A,N/A,1,N/A,N/A,N/A,1,N/A,N/A,N/A,1,N/A,N/A,N/A,N/A,N/A,N/A,N/A,N/A,N/A,N/A,N/A,N/A,N/A,N/A,N/A,N/A,N/A,N/A
858,3,1,N/A,1,1,1,1,1,1,1,1,1,2,N/A,1,3,2,1,3,1,1,1,3,1,N/A,1,1,1,2,1,1,1,N/A,1,2,2,1,1,2,N/A,2,2,1,2,N/A,N/A,2,1,1,1,3,N/A,3,2,1,1,2,N/A,1,1,1,N/A,1,1,1,1,1,1,1,3,1,1,1,1,1,1,3,1,3,1,1,1,2,1,1,1,N/A,1,1,2,1,1,1,1,1,1,1,3,1,1,1,N/A,2,1,1,1,1,N/A,N/A,1,3,2,1,N/A,N/A,N/A,3,N/A,1,2,1,N/A,1,1,1,1,N/A,1,1,N/A,1,N/A,N/A,N/A,N/A,1,N/A,N/A,1,N/A,1,1,N/A,N/A,1,N/A,N/A,N/A,1,N/A,N/A,N/A,N/A,N/A,N/A,N/A,N/A,N/A,N/A,N/A,N/A,N/A,N/A,N/A,N/A,N/A,N/A
856,3,4,N/A,3,3,3,1,N/A,3,3,3,3,3,N/A,3,4,3,4,2,3,3,3,4,2,3,3,3,3,3,3,3,3,3,4,3,2,4,3,3,N/A,4,3,1,4,N/A,N/A,3,3,3,3,3,N/A,3,3,4,3,2,N/A,3,3,3,N/A,4,3,3,3,4,3,3,3,3,3,3,3,3,3,4,3,3,3,3,3,3,3,3,3,3,3,3,1,3,3,3,3,3,3,3,3,3,3,3,3,3,3,3,3,3,N/A,3,3,3,3,3,N/A,N/A,N/A,3,N/A,3,2,N/A,N/A,3,N/A,3,3,N/A,3,3,3,2,N/A,3,N/A,N/A,N/A,3,N/A,N/A,N/A,3,3,N/A,N/A,3,N/A,N/A,N/A,3,N/A,N/A,N/A,N/A,N/A,N/A,N/A,N/A,N/A,N/A,N/A,N/A,N/A,N/A,N/A,N/A,N/A,N/A
855,1,1,N/A,2,1,1,1,N/A,1,1,1,1,1,N/A,1,1,1,1,2,1,1,1,1,1,1,1,1,1,1,1,1,1,1,1,1,3,1,1,1,N/A,1,1,1,1,N/A,N/A,1,1,1,1,1,N/A,1,1,1,1,2,N/A,1,1,1,N/A,1,N/A,2,N/A,1,1,1,1,1,1,1,1,1,1,1,1,1,1,1,1,1,1,1,1,N/A,1,1,1,1,1,1,1,1,1,1,1,1,1,1,1,1,1,N/A,1,N/A,N/A,1,N/A,1,1,1,N/A,N/A,N/A,1,N/A,1,N/A,N/A,N/A,1,N/A,1,1,N/A,1,1,1,1,N/A,1,N/A,N/A,N/A,1,N/A,N/A,N/A,1,1,1,N/A,1,N/A,N/A,N/A,1,N/A,N/A,N/A,N/A,N/A,N/A,N/A,N/A,N/A,N/A,N/A,N/A,N/A,N/A,N/A,N/A,N/A,N/A
854,1,1,N/A,1,1,1,1,N/A,1,1,1,1,1,1,1,1,1,1,1,1,1,1,4,1,1,N/A,1,1,1,1,1,1,1,1,1,1,1,1,1,1,1,1,1,1,N/A,N/A,1,1,1,4,1,N/A,1,1,1,1,1,N/A,1,1,1,N/A,1,1,1,N/A,1,1,1,1,1,1,1,1,1,1,1,1,1,1,1,1,1,1,1,1,1,1,1,1,1,1,1,1,1,1,1,1,1,1,1,1,1,1,1,1,1,N/A,1,N/A,1,1,1,N/A,N/A,N/A,1,N/A,1,N/A,1,N/A,1,1,1,1,N/A,1,1,1,1,N/A,1,1,1,N/A,1,1,N/A,N/A,1,1,1,N/A,1,N/A,N/A,1,1,3,1,1,N/A,N/A,N/A,N/A,N/A,N/A,N/A,N/A,N/A,N/A,N/A,N/A,N/A,N/A,N/A
853,3,1,N/A,2,1,2,1,3,3,1,2,1,1,N/A,1,3,3,2,1,3,1,2,3,1,1,3,2,1,2,2,2,2,N/A,3,2,2,1,3,2,3,2,2,3,3,N/A,N/A,1,N/A,1,1,3,N/A,3,2,1,2,3,N/A,1,1,2,N/A,N/A,3,N/A,N/A,1,1,3,3,3,2,1,1,3,1,2,3,1,3,2,N/A,2,1,2,3,3,1,3,1,1,1,1,2,2,3,1,3,3,3,2,N/A,2,1,1,1,2,N/A,2,N/A,3,3,1,N/A,N/A,N/A,3,N/A,2,2,N/A,N/A,1,N/A,2,1,N/A,1,3,2,N/A,N/A,N/A,1,1,N/A,1,2,N/A,N/A,2,2,1,N/A,2,N/A,N/A,2,1,N/A,N/A,3,N/A,N/A,N/A,N/A,N/A,N/A,N/A,N/A,N/A,N/A,N/A,N/A,N/A,N/A,N/A
851,2,1,N/A,1,1,2,1,3,1,N/A,1,N/A,2,1,1,1,1,2,1,1,1,1,2,2,1,1,1,N/A,1,2,1,2,1,1,2,2,1,1,1,1,2,2,1,1,N/A,N/A,1,1,1,1,1,N/A,1,2,2,1,1,N/A,1,1,1,N/A,N/A,1,1,N/A,2,N/A,1,1,1,1,1,1,1,2,2,1,1,1,1,N/A,2,3,1,1,1,1,1,1,1,1,1,1,1,1,2,1,1,1,1,2,1,N/A,1,1,1,N/A,1,N/A,N/A,2,N/A,N/A,N/A,N/A,1,N/A,1,2,1,N/A,2,N/A,1,2,N/A,1,1,1,1,N/A,1,1,1,N/A,N/A,1,N/A,N/A,1,1,1,N/A,1,1,1,1,1,N/A,1,N/A,N/A,N/A,N/A,N/A,N/A,N/A,N/A,N/A,N/A,N/A,N/A,N/A,N/A,N/A,N/A
848,1,1,N/A,3,1,1,1,3,1,1,1,1,3,N/A,1,2,3,3,1,3,1,1,1,4,1,1,3,N/A,2,1,N/A,1,3,1,2,2,1,2,3,3,2,2,N/A,1,N/A,N/A,1,1,2,2,2,N/A,1,1,1,1,2,N/A,1,1,3,N/A,1,1,3,3,1,3,1,3,1,2,1,3,1,1,3,1,3,1,3,1,2,1,N/A,2,2,3,1,1,1,2,1,1,1,N/A,4,2,1,3,2,3,3,N/A,1,3,1,N/A,3,2,3,4,2,N/A,3,1,4,N/A,3,3,1,3,1,1,3,2,N/A,2,N/A,1,1,3,2,1,3,1,1,3,3,1,3,1,N/A,N/A,1,2,2,3,1,N/A,N/A,N/A,1,1,N/A,N/A,N/A,N/A,N/A,N/A,N/A,N/A,N/A,N/A,N/A,N/A,N/A
845,1,1,N/A,1,1,2,1,N/A,1,1,1,N/A,1,N/A,1,1,2,1,1,1,2,1,1,1,1,1,1,N/A,1,1,N/A,1,1,1,2,1,1,1,1,1,1,1,N/A,1,N/A,N/A,1,1,1,1,1,N/A,1,1,1,1,2,N/A,1,1,1,N/A,1,1,1,1,1,N/A,2,1,1,1,1,1,1,1,1,1,1,1,1,1,1,1,1,1,1,1,1,1,1,1,1,1,1,1,1,1,1,1,2,1,1,N/A,N/A,1,1,N/A,1,1,1,1,1,N/A,N/A,N/A,1,N/A,1,1,1,N/A,1,1,1,1,N/A,1,N/A,1,1,N/A,1,1,1,N/A,1,N/A,N/A,N/A,1,1,1,N/A,1,1,1,N/A,1,N/A,N/A,1,N/A,N/A,N/A,N/A,N/A,N/A,N/A,N/A,N/A,N/A,N/A,N/A,N/A,N/A,N/A
844,1,1,N/A,1,1,1,1,N/A,1,1,1,N/A,1,N/A,1,1,2,1,1,1,1,1,1,1,1,1,1,N/A,1,1,N/A,1,1,1,2,1,1,1,1,1,1,1,N/A,1,N/A,N/A,1,1,1,1,1,N/A,1,1,1,1,2,N/A,1,1,1,N/A,1,1,1,1,1,N/A,2,1,1,1,1,1,1,1,1,1,1,1,1,1,1,1,1,1,1,1,1,1,1,1,1,1,1,1,1,1,1,1,1,1,1,N/A,N/A,1,1,N/A,1,1,1,1,3,N/A,N/A,N/A,1,N/A,1,1,1,N/A,1,1,1,1,N/A,1,N/A,1,1,N/A,1,1,1,N/A,1,N/A,N/A,N/A,1,1,1,N/A,1,1,1,N/A,1,N/A,N/A,1,N/A,N/A,N/A,N/A,N/A,N/A,N/A,N/A,N/A,N/A,N/A,N/A,N/A,N/A,N/A
843,1,1,N/A,1,1,1,1,N/A,1,1,1,N/A,1,N/A,1,1,2,1,1,1,1,1,1,1,1,1,1,N/A,1,1,N/A,1,1,1,2,1,1,1,1,1,1,1,N/A,1,N/A,N/A,1,1,2,1,1,N/A,2,1,1,1,2,N/A,1,1,1,N/A,1,1,1,1,1,N/A,2,1,1,1,1,1,1,1,1,1,1,1,1,1,2,1,1,1,3,1,1,1,1,1,1,1,1,1,1,1,1,1,1,1,1,N/A,1,1,1,N/A,1,1,1,1,1,N/A,N/A,N/A,1,N/A,1,1,1,N/A,1,1,1,1,N/A,1,N/A,1,1,N/A,1,1,1,N/A,1,N/A,N/A,N/A,1,1,1,N/A,1,1,1,N/A,1,N/A,N/A,1,N/A,N/A,N/A,N/A,N/A,N/A,N/A,N/A,N/A,N/A,N/A,N/A,N/A,N/A,N/A
842,1,1,N/A,2,1,N/A,1,N/A,1,1,1,N/A,2,1,1,1,1,1,1,1,1,2,1,1,2,1,2,N/A,1,2,N/A,1,1,1,2,1,2,1,1,1,2,1,N/A,3,N/A,N/A,1,1,1,1,1,N/A,2,1,1,1,3,N/A,1,1,2,N/A,1,N/A,1,1,1,1,2,1,1,1,1,1,1,1,2,1,1,1,1,1,1,1,2,2,1,1,1,1,1,1,2,3,1,1,1,1,1,1,2,1,N/A,N/A,N/A,1,1,N/A,1,1,1,2,1,N/A,1,N/A,1,N/A,1,2,1,N/A,3,N/A,2,1,N/A,1,N/A,2,1,N/A,1,3,1,N/A,1,N/A,N/A,N/A,1,1,1,N/A,1,1,1,1,1,N/A,N/A,1,N/A,N/A,N/A,N/A,N/A,N/A,N/A,N/A,N/A,N/A,N/A,N/A,N/A,N/A,N/A
839,N/A,1,N/A,1,1,1,N/A,3,3,N/A,1,1,3,1,N/A,3,1,1,1,1,1,1,3,1,2,2,1,N/A,1,1,N/A,2,2,1,2,2,3,2,3,N/A,2,N/A,N/A,1,N/A,N/A,2,1,1,3,2,N/A,2,3,3,3,1,N/A,1,3,2,N/A,1,1,N/A,3,1,3,2,1,1,2,2,3,1,2,1,3,1,1,2,1,3,1,1,2,1,2,2,1,1,1,1,1,N/A,1,1,2,2,3,2,N/A,N/A,N/A,1,3,3,N/A,2,N/A,3,2,1,N/A,1,3,3,3,1,N/A,1,N/A,1,1,1,2,N/A,N/A,N/A,N/A,N/A,N/A,1,N/A,N/A,N/A,N/A,N/A,4,N/A,2,2,1,N/A,2,1,1,3,1,2,N/A,1,1,N/A,N/A,N/A,N/A,N/A,N/A,N/A,N/A,N/A,N/A,N/A,N/A,N/A,N/A
836,3,2,N/A,2,3,N/A,1,3,1,2,2,1,2,N/A,1,3,2,2,3,1,3,2,3,1,2,2,3,N/A,1,2,N/A,1,3,2,2,2,1,1,2,N/A,2,3,N/A,1,N/A,N/A,1,N/A,2,1,3,N/A,2,1,1,1,1,N/A,1,1,2,N/A,1,1,N/A,1,3,1,2,3,1,2,1,3,3,3,2,1,3,3,2,1,3,3,N/A,2,3,3,1,3,3,2,1,1,N/A,3,2,1,1,1,1,3,1,N/A,2,1,1,N/A,2,N/A,4,2,1,N/A,N/A,N/A,1,N/A,3,2,3,N/A,3,N/A,N/A,2,N/A,N/A,N/A,1,N/A,N/A,1,3,3,N/A,3,N/A,3,N/A,3,2,N/A,N/A,N/A,N/A,N/A,N/A,2,N/A,N/A,1,N/A,N/A,N/A,N/A,N/A,N/A,N/A,N/A,N/A,N/A,N/A,N/A,N/A,N/A,N/A
835,1,1,N/A,1,1,1,1,1,1,1,1,N/A,1,1,1,1,1,1,1,1,1,1,1,1,1,1,1,N/A,1,1,N/A,1,1,1,1,1,1,1,1,1,1,1,N/A,1,N/A,N/A,1,1,1,1,1,N/A,1,1,1,1,2,N/A,1,1,N/A,N/A,1,1,1,1,1,1,1,1,1,1,1,1,1,1,1,1,1,1,1,1,1,1,N/A,1,1,1,1,1,1,1,1,1,N/A,1,1,1,1,1,1,1,1,N/A,1,1,1,N/A,1,N/A,1,1,1,N/A,N/A,N/A,1,N/A,1,2,1,N/A,1,N/A,1,1,N/A,N/A,N/A,1,1,N/A,1,1,1,N/A,N/A,N/A,1,N/A,1,1,N/A,N/A,1,N/A,1,1,1,N/A,N/A,1,N/A,N/A,1,N/A,N/A,N/A,N/A,N/A,N/A,N/A,N/A,N/A,N/A,N/A,N/A
833,1,3,N/A,1,1,1,1,1,1,1,1,N/A,3,3,1,1,2,1,3,1,1,1,1,1,1,1,1,N/A,1,2,N/A,1,1,1,2,1,1,1,1,1,2,1,N/A,3,1,N/A,1,1,1,1,1,N/A,1,1,1,1,2,N/A,1,1,1,N/A,1,1,1,1,1,2,1,1,1,1,1,3,1,1,2,1,1,1,1,3,2,1,N/A,1,1,1,1,1,1,1,1,1,N/A,1,1,1,1,1,1,1,2,N/A,1,1,1,N/A,1,N/A,1,1,1,N/A,N/A,N/A,1,N/A,1,2,1,N/A,3,N/A,2,1,N/A,N/A,N/A,1,2,N/A,1,1,1,N/A,N/A,N/A,3,N/A,1,1,N/A,N/A,N/A,N/A,2,N/A,1,N/A,N/A,1,N/A,N/A,1,N/A,N/A,N/A,N/A,N/A,N/A,N/A,N/A,N/A,N/A,N/A,N/A
829,1,1,N/A,1,1,1,1,3,1,1,1,N/A,1,1,1,1,1,1,1,1,1,1,1,1,1,1,1,N/A,1,1,N/A,1,1,1,2,1,1,1,1,1,1,1,N/A,1,1,N/A,1,1,1,1,1,N/A,1,1,1,1,2,N/A,1,1,1,N/A,1,1,1,1,1,1,1,1,1,1,1,1,1,1,1,1,1,1,1,1,1,1,N/A,1,1,1,1,1,N/A,1,1,1,N/A,1,1,1,1,1,1,1,1,N/A,N/A,1,1,N/A,1,1,1,1,1,N/A,N/A,N/A,1,N/A,1,2,1,N/A,N/A,N/A,1,1,N/A,N/A,N/A,1,1,N/A,1,1,1,N/A,N/A,N/A,N/A,N/A,1,1,N/A,N/A,N/A,N/A,1,1,1,N/A,N/A,1,N/A,N/A,1,N/A,N/A,N/A,N/A,N/A,N/A,N/A,N/A,N/A,N/A,N/A,N/A
827,3,3,N/A,3,3,N/A,3,3,3,1,3,N/A,3,1,2,3,1,3,1,3,3,1,3,1,1,3,1,N/A,1,N/A,N/A,1,3,1,1,1,1,1,3,N/A,1,3,N/A,1,3,N/A,N/A,1,3,3,3,N/A,1,3,N/A,1,3,N/A,3,1,1,N/A,3,3,3,2,1,1,2,1,1,3,1,2,3,3,1,1,3,1,2,3,1,1,N/A,3,1,3,1,1,3,3,1,3,N/A,3,1,1,1,1,2,3,3,N/A,N/A,1,2,N/A,3,3,N/A,2,2,N/A,N/A,N/A,1,N/A,1,2,N/A,N/A,1,N/A,2,3,N/A,N/A,N/A,N/A,3,N/A,2,1,1,N/A,2,N/A,N/A,N/A,2,1,3,N/A,N/A,N/A,N/A,3,1,3,N/A,1,N/A,N/A,N/A,N/A,N/A,N/A,N/A,N/A,N/A,N/A,N/A,N/A,N/A,N/A,N/A
826,3,1,N/A,2,1,N/A,1,1,1,3,1,N/A,2,1,1,3,1,1,2,1,2,1,2,3,1,1,1,N/A,1,1,N/A,1,1,1,2,2,1,1,3,N/A,1,1,N/A,1,1,N/A,1,1,1,1,1,N/A,1,1,1,1,2,N/A,1,1,1,N/A,3,1,1,3,1,1,3,1,2,1,1,3,1,1,1,1,1,1,1,1,3,1,N/A,1,2,1,1,1,1,1,1,1,N/A,2,1,1,1,3,1,1,2,N/A,N/A,2,1,N/A,2,1,1,1,1,N/A,N/A,N/A,1,N/A,3,1,1,N/A,1,N/A,1,1,N/A,N/A,N/A,1,1,N/A,2,1,1,N/A,1,N/A,N/A,N/A,1,1,1,N/A,N/A,N/A,1,N/A,1,3,N/A,1,N/A,N/A,N/A,N/A,N/A,N/A,N/A,N/A,N/A,N/A,N/A,N/A,N/A,N/A,N/A
825,1,1,N/A,1,1,1,1,N/A,1,1,1,N/A,1,1,1,1,1,1,1,1,1,1,1,1,1,1,1,N/A,1,1,N/A,1,1,1,1,1,1,1,1,N/A,1,1,N/A,1,N/A,N/A,1,1,1,1,1,N/A,1,1,1,1,2,N/A,1,1,1,N/A,1,1,1,1,1,N/A,1,1,1,1,1,1,1,1,1,1,1,N/A,1,1,1,1,1,1,1,1,1,1,1,1,1,1,N/A,1,1,1,1,1,1,1,1,N/A,1,1,1,N/A,1,1,1,1,1,N/A,N/A,N/A,1,N/A,1,2,1,N/A,1,1,1,N/A,N/A,N/A,N/A,1,1,1,1,N/A,N/A,N/A,1,N/A,N/A,N/A,1,1,1,N/A,1,N/A,N/A,1,1,1,N/A,1,N/A,N/A,1,N/A,N/A,N/A,N/A,N/A,N/A,N/A,N/A,N/A,N/A,N/A,N/A
823,1,1,N/A,1,1,1,1,N/A,1,1,1,N/A,1,1,1,1,1,1,1,1,1,1,1,1,1,1,1,N/A,1,1,N/A,1,1,1,1,1,1,1,1,N/A,1,1,N/A,1,N/A,N/A,1,1,1,1,1,N/A,1,1,1,1,2,N/A,1,N/A,1,N/A,1,1,1,1,1,N/A,N/A,1,1,1,1,1,1,2,1,1,1,N/A,1,1,1,1,N/A,1,1,1,1,1,1,1,1,1,N/A,1,1,1,1,1,N/A,1,1,N/A,1,1,1,N/A,1,N/A,1,1,1,N/A,N/A,N/A,1,N/A,1,2,1,N/A,N/A,N/A,1,1,N/A,N/A,N/A,1,N/A,1,1,1,N/A,N/A,1,1,N/A,N/A,2,1,1,N/A,1,N/A,N/A,1,1,3,N/A,1,N/A,N/A,1,N/A,N/A,N/A,N/A,N/A,N/A,N/A,N/A,N/A,N/A,N/A,N/A
821,1,1,N/A,1,1,1,1,N/A,1,1,1,N/A,1,1,1,1,1,1,1,1,1,1,1,1,1,1,1,N/A,1,1,N/A,1,1,1,N/A,1,1,1,1,1,1,1,N/A,1,N/A,N/A,1,1,1,1,1,N/A,1,1,1,1,1,N/A,1,1,1,N/A,1,1,1,1,1,N/A,1,1,1,1,1,1,1,1,1,1,1,1,4,1,1,1,1,N/A,1,1,1,1,N/A,1,1,1,N/A,1,1,1,1,1,1,1,1,N/A,1,1,N/A,N/A,1,1,1,1,1,N/A,N/A,1,1,N/A,1,1,1,N/A,1,N/A,1,1,N/A,N/A,N/A,1,1,N/A,1,1,N/A,N/A,1,N/A,N/A,N/A,1,1,1,N/A,N/A,N/A,N/A,1,1,3,N/A,1,N/A,N/A,N/A,1,N/A,N/A,N/A,N/A,N/A,N/A,N/A,N/A,N/A,N/A,N/A
817,1,1,N/A,1,1,1,1,N/A,1,1,N/A,N/A,1,1,1,1,1,1,1,1,1,1,1,1,N/A,1,1,N/A,1,1,N/A,1,1,1,N/A,1,1,1,1,1,1,1,N/A,1,1,N/A,1,1,1,1,1,N/A,1,1,1,1,1,N/A,1,N/A,N/A,N/A,1,1,N/A,1,1,N/A,2,1,1,1,1,1,1,1,1,1,1,1,1,1,2,1,1,N/A,1,1,1,1,1,1,1,1,N/A,1,1,1,1,1,1,1,N/A,N/A,1,1,1,N/A,1,N/A,1,1,1,N/A,N/A,N/A,1,N/A,1,2,1,N/A,N/A,N/A,1,1,N/A,N/A,N/A,1,1,N/A,1,1,1,N/A,1,N/A,N/A,N/A,1,N/A,N/A,N/A,N/A,N/A,N/A,1,1,3,N/A,1,N/A,N/A,1,N/A,N/A,N/A,N/A,N/A,N/A,N/A,N/A,N/A,N/A,N/A,N/A
819,1,1,N/A,1,1,1,1,N/A,1,1,1,N/A,1,1,1,1,1,1,1,1,1,1,1,1,1,1,1,N/A,1,1,N/A,1,1,1,N/A,1,1,1,1,1,1,1,N/A,1,1,N/A,1,1,1,1,1,N/A,1,1,1,1,1,N/A,1,N/A,2,N/A,1,1,N/A,1,1,N/A,2,1,1,1,1,1,1,1,1,1,1,1,1,1,1,1,1,N/A,N/A,1,1,1,1,1,1,1,N/A,1,1,1,1,1,1,1,2,N/A,1,1,1,N/A,1,N/A,1,1,1,N/A,N/A,N/A,1,N/A,1,2,1,N/A,N/A,N/A,1,1,N/A,N/A,N/A,1,1,N/A,1,1,1,N/A,1,N/A,N/A,N/A,1,1,N/A,N/A,N/A,N/A,N/A,1,1,1,N/A,1,N/A,N/A,1,N/A,N/A,N/A,N/A,N/A,N/A,N/A,N/A,N/A,N/A,N/A,N/A
818,3,1,N/A,3,3,3,2,N/A,3,3,3,1,2,3,3,3,3,1,1,1,1,3,4,1,3,3,3,N/A,3,2,N/A,2,3,3,N/A,1,3,3,3,3,3,3,N/A,1,3,N/A,3,3,3,3,3,N/A,3,3,3,2,3,N/A,3,N/A,2,N/A,1,3,N/A,2,3,N/A,2,1,3,3,3,3,3,3,3,3,1,3,1,1,2,1,N/A,N/A,1,3,3,1,2,3,3,1,N/A,3,3,3,3,3,N/A,1,3,N/A,2,3,3,N/A,3,3,3,1,N/A,N/A,N/A,N/A,2,N/A,3,2,1,N/A,3,N/A,N/A,3,N/A,N/A,N/A,2,2,N/A,3,1,1,1,1,N/A,N/A,N/A,1,3,N/A,N/A,N/A,N/A,N/A,3,3,3,N/A,1,N/A,N/A,3,N/A,N/A,N/A,N/A,N/A,N/A,N/A,N/A,N/A,N/A,N/A,N/A
814,1,1,N/A,1,1,1,N/A,1,1,1,1,1,2,1,1,1,1,1,2,1,1,1,4,1,1,1,1,N/A,1,1,N/A,1,1,1,N/A,2,1,1,1,1,1,1,N/A,1,1,N/A,1,1,1,1,1,N/A,1,1,1,1,1,N/A,1,N/A,3,N/A,1,1,N/A,1,1,N/A,N/A,1,1,1,1,1,1,2,2,1,1,1,1,1,1,1,1,N/A,1,1,1,1,1,1,1,1,N/A,1,2,1,1,1,N/A,1,1,N/A,N/A,1,1,N/A,1,1,1,1,1,N/A,N/A,N/A,1,N/A,1,2,1,N/A,N/A,N/A,1,1,N/A,N/A,N/A,1,1,N/A,2,1,1,N/A,1,N/A,N/A,N/A,2,1,1,N/A,N/A,1,1,1,1,N/A,N/A,1,N/A,N/A,1,N/A,N/A,N/A,N/A,N/A,N/A,N/A,N/A,N/A,N/A,N/A,N/A
811,1,3,N/A,3,3,3,1,3,3,1,3,3,3,3,3,3,3,2,1,3,3,N/A,3,3,3,3,3,N/A,1,3,N/A,1,1,1,N/A,3,3,3,3,4,3,N/A,N/A,3,3,N/A,3,3,3,3,3,N/A,3,3,3,3,1,N/A,3,N/A,2,N/A,1,3,3,3,3,1,N/A,3,3,3,3,3,3,3,3,1,1,1,2,3,1,3,3,N/A,1,3,1,3,3,3,3,1,N/A,3,3,2,1,3,N/A,3,2,N/A,N/A,3,3,N/A,3,3,4,4,1,N/A,N/A,N/A,3,N/A,3,2,1,N/A,4,N/A,3,3,N/A,N/A,N/A,4,1,N/A,3,1,1,N/A,1,N/A,N/A,N/A,1,3,3,N/A,N/A,N/A,N/A,3,1,N/A,N/A,1,N/A,N/A,3,N/A,N/A,N/A,N/A,N/A,N/A,N/A,N/A,N/A,N/A,N/A,N/A
810,1,1,N/A,1,1,1,1,1,1,N/A,1,1,1,1,1,1,1,1,1,1,1,1,1,1,1,1,1,N/A,1,1,N/A,1,1,1,N/A,1,1,1,1,1,1,1,N/A,1,1,N/A,2,1,1,1,1,N/A,1,1,1,1,1,N/A,1,N/A,1,N/A,1,1,1,1,1,1,N/A,1,1,1,1,1,1,1,1,1,1,1,1,1,1,1,1,N/A,1,1,1,1,1,1,1,1,N/A,1,1,1,1,1,N/A,1,1,N/A,N/A,1,N/A,N/A,1,1,3,1,1,N/A,N/A,N/A,1,N/A,1,2,1,N/A,1,1,1,1,N/A,N/A,N/A,1,1,N/A,1,N/A,N/A,1,1,N/A,N/A,N/A,N/A,1,1,N/A,N/A,N/A,N/A,1,1,1,N/A,1,N/A,N/A,N/A,N/A,N/A,N/A,N/A,N/A,N/A,N/A,N/A,N/A,N/A,N/A,N/A
805,1,1,N/A,N/A,1,1,1,3,1,1,1,1,1,1,1,1,1,1,1,1,1,1,1,1,1,1,1,N/A,1,1,N/A,1,1,1,N/A,1,1,1,1,1,1,1,N/A,1,1,N/A,1,1,1,1,1,N/A,1,1,1,1,1,N/A,1,N/A,1,N/A,1,1,1,1,1,1,N/A,1,1,1,1,1,1,1,1,1,1,1,1,1,1,1,1,N/A,1,1,1,1,1,1,1,1,N/A,1,1,1,1,1,N/A,N/A,1,N/A,1,1,N/A,N/A,1,1,1,1,1,N/A,N/A,1,1,N/A,1,2,1,N/A,1,1,N/A,1,N/A,1,N/A,1,1,N/A,1,1,1,N/A,1,N/A,1,N/A,N/A,1,1,N/A,N/A,N/A,N/A,1,1,1,N/A,1,N/A,N/A,N/A,1,N/A,N/A,N/A,N/A,N/A,N/A,N/A,N/A,N/A,N/A,N/A
804,1,1,N/A,1,1,1,1,1,1,1,1,1,1,1,1,1,1,N/A,1,1,1,1,1,1,1,1,1,N/A,1,1,N/A,1,1,1,N/A,1,1,1,1,1,1,1,N/A,1,1,N/A,1,1,1,1,1,N/A,1,1,1,1,1,N/A,1,N/A,1,N/A,1,1,1,1,1,1,N/A,1,1,1,1,1,1,1,1,1,1,1,1,1,1,1,1,N/A,1,1,1,1,1,1,1,1,N/A,1,1,1,1,1,N/A,1,1,N/A,1,1,N/A,N/A,1,1,1,1,1,N/A,N/A,1,1,N/A,1,1,1,N/A,1,1,1,1,N/A,1,N/A,1,1,N/A,1,1,1,N/A,1,N/A,1,N/A,1,1,1,N/A,N/A,1,1,1,1,1,N/A,1,N/A,N/A,N/A,1,N/A,N/A,N/A,N/A,N/A,N/A,N/A,N/A,N/A,N/A,N/A
801,1,1,N/A,1,1,1,1,N/A,N/A,N/A,1,N/A,1,1,1,1,1,1,1,1,1,1,2,1,N/A,1,2,N/A,1,1,N/A,1,1,1,N/A,1,1,1,1,1,1,1,N/A,1,N/A,N/A,1,N/A,1,1,1,N/A,1,1,N/A,1,3,N/A,N/A,N/A,1,N/A,1,1,1,1,1,1,1,1,1,1,1,1,1,1,1,N/A,1,1,1,1,1,1,N/A,N/A,1,1,1,1,N/A,1,1,1,N/A,1,1,1,1,1,N/A,1,1,N/A,N/A,1,1,N/A,1,N/A,1,1,1,N/A,N/A,N/A,1,N/A,1,1,1,N/A,N/A,1,1,N/A,N/A,1,N/A,1,N/A,N/A,1,1,1,N/A,1,N/A,1,N/A,1,N/A,1,N/A,N/A,N/A,N/A,N/A,1,3,N/A,1,N/A,N/A,N/A,1,N/A,N/A,N/A,N/A,N/A,N/A,N/A,N/A,N/A,N/A,N/A
799,1,1,N/A,1,1,1,1,N/A,N/A,N/A,1,N/A,1,1,1,1,2,1,1,1,1,1,1,1,1,1,1,N/A,1,1,N/A,1,1,1,N/A,1,N/A,1,1,1,1,2,N/A,1,N/A,N/A,1,1,1,1,2,N/A,1,1,N/A,1,1,N/A,1,N/A,1,N/A,1,1,1,1,1,1,1,1,1,1,1,1,1,1,1,N/A,1,1,1,1,1,1,N/A,N/A,1,1,1,1,N/A,1,1,1,N/A,1,1,1,1,1,N/A,1,1,N/A,N/A,1,2,N/A,1,N/A,1,1,1,N/A,N/A,1,1,N/A,1,1,1,N/A,N/A,1,1,1,N/A,1,N/A,1,N/A,N/A,1,1,1,N/A,1,N/A,1,N/A,1,N/A,1,N/A,N/A,N/A,N/A,N/A,1,3,N/A,1,N/A,N/A,N/A,1,N/A,N/A,N/A,N/A,N/A,N/A,N/A,N/A,N/A,N/A,N/A
800,1,1,N/A,N/A,1,1,1,N/A,N/A,N/A,1,N/A,1,1,1,N/A,2,2,1,1,1,2,1,1,1,1,1,N/A,1,1,N/A,1,2,1,N/A,2,N/A,1,1,1,1,2,N/A,1,N/A,N/A,2,1,1,1,2,N/A,2,2,N/A,1,1,N/A,1,N/A,2,N/A,1,1,1,1,1,2,1,1,1,1,1,1,2,1,1,N/A,1,1,1,1,2,1,N/A,N/A,1,1,1,1,N/A,1,1,1,N/A,1,1,1,1,1,N/A,1,1,N/A,N/A,1,2,N/A,1,N/A,1,1,1,N/A,N/A,1,3,N/A,1,2,1,N/A,N/A,1,1,1,N/A,1,N/A,1,N/A,N/A,1,1,1,N/A,1,N/A,1,N/A,1,N/A,1,N/A,N/A,N/A,N/A,N/A,1,3,N/A,1,N/A,N/A,N/A,1,N/A,N/A,N/A,N/A,N/A,N/A,N/A,N/A,N/A,N/A,N/A
798,1,1,N/A,1,1,1,1,1,N/A,N/A,1,N/A,1,1,1,1,1,1,N/A,1,1,1,N/A,1,1,1,1,N/A,1,1,N/A,1,1,1,N/A,1,1,1,1,1,1,1,N/A,N/A,N/A,N/A,1,1,1,1,2,N/A,1,1,N/A,1,1,N/A,1,N/A,1,N/A,1,1,1,1,1,1,1,1,1,1,1,1,1,1,1,N/A,1,1,1,N/A,1,1,1,N/A,1,1,1,1,N/A,1,1,1,N/A,1,1,1,1,1,N/A,1,1,N/A,1,1,1,N/A,1,1,1,1,1,N/A,N/A,1,1,N/A,1,1,1,N/A,N/A,N/A,1,1,N/A,N/A,N/A,1,1,N/A,1,1,1,N/A,1,N/A,N/A,N/A,1,N/A,1,N/A,N/A,N/A,N/A,N/A,1,3,N/A,3,N/A,N/A,N/A,1,N/A,N/A,N/A,N/A,N/A,N/A,N/A,N/A,N/A,N/A,N/A
797,1,1,N/A,1,1,1,1,1,N/A,N/A,1,N/A,1,2,1,1,3,1,1,1,3,1,N/A,1,1,3,1,N/A,1,1,N/A,1,1,1,N/A,1,1,1,2,1,1,N/A,N/A,N/A,N/A,N/A,3,1,1,2,2,N/A,1,1,N/A,1,1,N/A,1,N/A,2,N/A,1,1,1,1,1,N/A,1,1,1,1,1,1,1,1,1,N/A,1,1,1,1,1,1,1,N/A,1,1,1,1,N/A,1,3,1,N/A,1,1,1,1,1,N/A,1,1,N/A,2,1,N/A,N/A,2,1,1,2,1,N/A,N/A,1,1,N/A,1,1,1,N/A,N/A,N/A,1,1,N/A,N/A,N/A,N/A,1,N/A,1,1,1,N/A,1,N/A,N/A,N/A,1,N/A,1,N/A,N/A,N/A,N/A,N/A,N/A,3,N/A,1,N/A,N/A,N/A,1,N/A,N/A,N/A,N/A,N/A,N/A,N/A,N/A,N/A,N/A,N/A
794,1,1,N/A,N/A,1,1,1,1,N/A,N/A,1,1,1,1,1,1,2,1,1,N/A,1,1,1,1,1,1,1,N/A,1,1,N/A,1,1,1,N/A,1,1,1,1,1,1,2,N/A,1,1,N/A,1,1,1,1,2,N/A,1,N/A,N/A,1,1,N/A,1,N/A,1,N/A,1,N/A,1,N/A,1,1,N/A,1,1,1,1,1,1,1,1,N/A,1,1,1,1,1,1,1,N/A,1,1,1,1,N/A,N/A,1,1,N/A,1,1,1,1,1,N/A,1,1,N/A,N/A,1,N/A,N/A,1,N/A,1,1,1,N/A,N/A,N/A,1,N/A,1,1,1,N/A,N/A,N/A,1,1,N/A,N/A,N/A,1,1,N/A,1,1,1,N/A,1,1,N/A,N/A,1,1,1,N/A,N/A,N/A,N/A,N/A,1,3,N/A,N/A,N/A,N/A,N/A,1,N/A,N/A,N/A,N/A,N/A,N/A,N/A,N/A,N/A,N/A,N/A
793,1,4,N/A,2,1,2,1,N/A,N/A,N/A,1,1,1,2,1,1,2,1,1,1,1,2,4,1,1,1,2,N/A,1,1,N/A,1,2,1,N/A,1,N/A,1,1,2,2,2,N/A,1,1,N/A,1,1,1,1,2,N/A,1,N/A,N/A,3,2,N/A,2,N/A,N/A,N/A,1,2,2,N/A,1,2,N/A,1,1,1,1,1,2,1,1,N/A,1,1,2,1,2,4,2,N/A,1,1,1,2,N/A,1,4,2,N/A,2,2,1,1,1,N/A,4,2,N/A,N/A,1,2,N/A,4,1,4,4,1,N/A,N/A,N/A,3,N/A,1,2,1,N/A,1,N/A,2,2,N/A,N/A,N/A,N/A,N/A,N/A,2,2,2,N/A,1,1,1,N/A,1,N/A,2,N/A,N/A,N/A,N/A,N/A,2,1,N/A,N/A,N/A,N/A,N/A,2,N/A,N/A,N/A,N/A,N/A,N/A,N/A,N/A,N/A,N/A,N/A
792,1,1,N/A,1,1,1,1,N/A,N/A,1,1,1,1,1,1,1,2,1,1,1,1,1,1,1,1,1,1,N/A,1,1,N/A,1,1,1,N/A,1,N/A,1,1,1,1,1,N/A,1,N/A,N/A,1,1,2,1,2,N/A,1,N/A,N/A,3,1,N/A,1,N/A,1,N/A,1,1,1,N/A,1,1,N/A,1,1,1,1,1,1,1,1,N/A,1,1,1,1,1,1,1,N/A,1,1,1,1,N/A,1,1,1,N/A,1,1,1,1,1,N/A,1,1,N/A,N/A,1,2,N/A,1,1,1,1,1,N/A,N/A,N/A,1,N/A,1,1,1,N/A,1,N/A,1,1,N/A,1,N/A,1,1,N/A,1,1,1,N/A,1,1,N/A,N/A,1,N/A,1,N/A,N/A,1,1,N/A,1,3,N/A,N/A,N/A,1,N/A,N/A,1,N/A,N/A,N/A,N/A,N/A,N/A,N/A,N/A,N/A,N/A
791,3,1,N/A,3,3,3,3,N/A,N/A,2,3,1,4,4,1,3,4,2,3,3,3,2,4,2,3,4,2,N/A,3,2,N/A,3,2,3,N/A,3,N/A,3,3,3,4,3,N/A,2,1,N/A,3,3,2,4,2,N/A,3,N/A,N/A,3,3,N/A,2,N/A,3,N/A,3,3,3,N/A,3,3,N/A,3,3,2,1,3,3,3,3,N/A,1,1,3,1,3,4,2,N/A,N/A,3,2,3,N/A,N/A,4,4,N/A,3,4,2,1,3,N/A,4,3,N/A,N/A,2,2,N/A,4,3,4,4,3,N/A,N/A,2,2,N/A,2,2,1,N/A,1,N/A,1,3,N/A,N/A,N/A,3,3,N/A,3,4,4,N/A,2,N/A,4,N/A,3,N/A,2,N/A,N/A,N/A,N/A,N/A,3,3,N/A,N/A,N/A,N/A,N/A,3,N/A,N/A,N/A,N/A,N/A,N/A,N/A,N/A,N/A,N/A,N/A
790,1,1,N/A,2,1,1,1,N/A,N/A,1,1,1,1,1,1,1,1,1,1,1,1,1,1,1,1,1,1,N/A,1,1,N/A,1,1,1,N/A,1,N/A,1,1,1,1,1,N/A,1,1,N/A,1,1,2,1,2,N/A,1,N/A,N/A,1,1,N/A,1,N/A,1,N/A,1,1,1,N/A,1,1,N/A,1,1,1,1,1,1,1,1,N/A,1,1,1,1,1,1,1,N/A,1,1,1,1,N/A,1,1,1,N/A,1,1,1,1,1,N/A,1,1,N/A,N/A,1,2,N/A,1,1,1,1,1,N/A,N/A,1,1,N/A,1,2,1,N/A,1,N/A,1,1,N/A,N/A,N/A,1,1,N/A,1,1,1,N/A,1,1,1,N/A,1,N/A,1,N/A,N/A,1,1,N/A,1,3,N/A,N/A,N/A,1,N/A,1,N/A,N/A,N/A,N/A,N/A,N/A,N/A,N/A,N/A,N/A,N/A
787,2,1,N/A,2,2,N/A,2,N/A,N/A,2,N/A,N/A,N/A,2,1,1,2,2,1,1,2,2,1,1,2,2,3,N/A,2,2,N/A,1,1,2,N/A,1,1,1,2,N/A,2,2,N/A,1,1,N/A,1,1,2,N/A,2,N/A,2,2,N/A,2,2,N/A,1,N/A,2,N/A,2,2,N/A,N/A,2,N/A,N/A,1,2,2,1,2,2,1,1,N/A,1,1,2,1,2,1,1,N/A,2,2,1,2,N/A,2,3,2,N/A,3,2,1,1,1,N/A,N/A,2,N/A,N/A,2,2,N/A,2,N/A,3,2,1,N/A,N/A,N/A,1,N/A,1,1,1,N/A,1,N/A,2,2,N/A,N/A,N/A,2,N/A,N/A,2,2,2,N/A,2,N/A,N/A,N/A,3,N/A,1,N/A,N/A,N/A,N/A,N/A,1,3,N/A,N/A,N/A,N/A,N/A,N/A,N/A,N/A,N/A,N/A,N/A,N/A,N/A,N/A,N/A,N/A,N/A
717,1,1,N/A,3,1,N/A,1,N/A,N/A,1,1,1,1,1,1,1,1,1,1,1,1,1,1,1,2,1,1,N/A,1,2,N/A,1,1,1,N/A,1,1,1,1,1,2,1,N/A,1,1,N/A,2,1,1,1,2,N/A,1,2,N/A,1,2,N/A,1,N/A,3,N/A,1,1,2,1,1,N/A,N/A,1,1,1,1,1,2,1,1,N/A,1,1,1,1,N/A,3,1,N/A,1,1,1,1,N/A,1,1,1,N/A,1,1,1,1,1,N/A,1,3,N/A,N/A,1,N/A,N/A,1,N/A,1,2,1,N/A,N/A,N/A,1,N/A,1,1,1,N/A,N/A,N/A,1,1,N/A,N/A,N/A,N/A,N/A,N/A,2,N/A,1,N/A,1,N/A,N/A,N/A,1,N/A,1,N/A,N/A,N/A,N/A,N/A,N/A,3,N/A,1,N/A,N/A,N/A,1,N/A,N/A,N/A,N/A,N/A,N/A,N/A,N/A,N/A,N/A,N/A
687,N/A,1,N/A,1,1,1,1,N/A,N/A,N/A,1,1,1,1,1,1,1,1,1,1,1,1,1,1,1,1,1,N/A,1,1,N/A,N/A,1,1,N/A,1,1,1,1,1,1,1,N/A,1,N/A,N/A,1,1,1,1,2,N/A,1,1,N/A,4,1,N/A,1,N/A,1,N/A,1,N/A,2,N/A,1,N/A,N/A,1,1,1,1,1,2,1,1,N/A,1,1,1,1,1,1,1,N/A,1,1,1,1,N/A,N/A,1,1,N/A,1,1,1,1,1,N/A,1,1,N/A,N/A,1,1,N/A,1,1,1,1,1,N/A,N/A,N/A,3,N/A,1,1,1,N/A,1,N/A,1,1,N/A,N/A,N/A,1,N/A,N/A,1,1,1,N/A,1,N/A,N/A,N/A,1,N/A,1,N/A,N/A,N/A,N/A,1,N/A,1,N/A,N/A,N/A,N/A,N/A,N/A,N/A,N/A,N/A,N/A,N/A,N/A,N/A,N/A,N/A,N/A,N/A
155,N/A,2,N/A,3,3,2,3,N/A,N/A,N/A,N/A,N/A,2,2,N/A,1,2,3,3,N/A,2,2,3,3,2,1,2,N/A,1,2,N/A,N/A,3,2,N/A,3,3,3,2,2,N/A,2,N/A,1,3,N/A,3,3,2,3,2,N/A,3,N/A,N/A,N/A,3,N/A,2,N/A,3,N/A,2,2,2,1,2,1,N/A,2,3,2,N/A,2,2,2,2,N/A,2,1,2,3,1,1,1,N/A,1,2,N/A,3,N/A,1,1,2,N/A,2,2,2,3,1,N/A,3,2,N/A,N/A,1,N/A,N/A,2,3,1,2,1,N/A,N/A,2,3,N/A,2,2,1,N/A,N/A,N/A,2,N/A,N/A,N/A,N/A,N/A,1,N/A,3,N/A,N/A,N/A,N/A,N/A,N/A,N/A,N/A,N/A,N/A,N/A,N/A,N/A,N/A,2,2,3,N/A,N/A,N/A,N/A,N/A,3,N/A,N/A,N/A,N/A,N/A,N/A,N/A,N/A,N/A,N/A,N/A
202,N/A,2,N/A,N/A,1,N/A,2,N/A,N/A,N/A,1,3,1,2,N/A,2,2,2,2,1,1,3,N/A,1,3,2,1,N/A,1,1,N/A,N/A,3,1,N/A,3,1,3,2,1,N/A,2,N/A,3,1,N/A,2,1,1,3,1,N/A,2,N/A,N/A,N/A,3,N/A,1,N/A,1,N/A,1,3,3,1,3,1,N/A,2,3,1,1,2,2,2,2,N/A,1,1,2,1,1,3,1,N/A,1,3,N/A,1,N/A,1,1,1,N/A,2,1,1,3,1,N/A,1,1,N/A,N/A,1,N/A,N/A,1,1,3,2,1,N/A,N/A,N/A,1,N/A,1,2,1,N/A,N/A,N/A,1,2,N/A,N/A,N/A,N/A,N/A,N/A,N/A,3,1,N/A,N/A,N/A,N/A,N/A,N/A,N/A,3,N/A,N/A,N/A,N/A,2,1,1,N/A,N/A,N/A,N/A,N/A,3,N/A,N/A,N/A,N/A,N/A,N/A,N/A,N/A,N/A,N/A,N/A
187,N/A,1,N/A,1,1,N/A,1,N/A,N/A,N/A,1,1,1,1,1,1,1,1,1,1,1,1,1,1,1,1,1,N/A,1,1,N/A,N/A,1,1,N/A,1,1,1,1,1,N/A,1,N/A,1,1,N/A,1,1,1,1,1,N/A,1,1,N/A,N/A,2,N/A,1,N/A,1,N/A,1,1,1,1,1,1,N/A,1,1,1,1,1,1,1,1,N/A,1,1,1,1,1,1,1,N/A,1,1,1,1,N/A,1,1,1,N/A,1,1,1,1,1,N/A,1,1,N/A,N/A,1,2,N/A,1,1,N/A,1,1,N/A,N/A,1,1,N/A,1,1,1,N/A,1,N/A,1,1,1,N/A,N/A,N/A,1,N/A,1,1,1,N/A,1,N/A,N/A,N/A,1,N/A,1,N/A,N/A,N/A,N/A,1,1,1,N/A,1,1,N/A,N/A,1,N/A,N/A,N/A,N/A,N/A,N/A,N/A,N/A,N/A,N/A,N/A
104,N/A,1,N/A,2,2,1,1,N/A,N/A,N/A,1,1,2,2,3,1,3,N/A,1,2,1,1,3,1,N/A,1,1,N/A,3,1,N/A,N/A,1,1,N/A,1,1,1,1,1,N/A,2,N/A,1,N/A,N/A,2,1,2,1,N/A,N/A,3,2,N/A,N/A,3,N/A,1,N/A,N/A,N/A,1,2,2,1,1,1,N/A,1,1,2,1,N/A,2,1,1,N/A,3,1,2,1,1,1,1,N/A,1,1,3,3,N/A,N/A,3,1,N/A,3,2,1,1,3,N/A,3,2,N/A,N/A,2,N/A,N/A,2,1,3,2,1,N/A,N/A,2,1,N/A,1,2,1,N/A,1,N/A,N/A,1,N/A,N/A,N/A,N/A,1,N/A,1,3,3,N/A,3,N/A,N/A,N/A,2,N/A,1,N/A,N/A,N/A,N/A,2,N/A,3,N/A,1,N/A,N/A,N/A,2,N/A,N/A,N/A,N/A,N/A,N/A,N/A,N/A,N/A,N/A,N/A
103,N/A,1,N/A,1,1,1,1,N/A,N/A,N/A,1,1,1,1,1,1,1,N/A,1,1,1,1,2,1,1,1,1,N/A,1,1,N/A,N/A,1,1,N/A,1,1,1,1,1,N/A,1,N/A,N/A,N/A,N/A,2,1,1,1,N/A,N/A,1,1,N/A,N/A,1,N/A,1,N/A,N/A,N/A,1,1,1,1,1,1,N/A,1,1,1,1,1,1,1,2,N/A,1,1,1,1,1,1,1,N/A,1,1,1,1,N/A,N/A,1,1,N/A,3,1,1,1,1,N/A,1,1,N/A,N/A,1,N/A,N/A,1,1,1,1,1,N/A,N/A,1,1,N/A,1,2,1,N/A,1,1,1,1,N/A,N/A,N/A,1,1,N/A,1,3,1,N/A,1,N/A,N/A,N/A,1,N/A,1,N/A,N/A,N/A,N/A,1,N/A,3,N/A,1,N/A,N/A,N/A,1,N/A,N/A,N/A,N/A,N/A,N/A,N/A,N/A,N/A,N/A,N/A
101,N/A,1,N/A,3,3,2,1,N/A,N/A,N/A,N/A,2,2,2,2,3,1,2,3,3,1,2,2,N/A,N/A,3,2,N/A,N/A,2,N/A,N/A,2,3,N/A,3,2,3,2,N/A,N/A,2,N/A,3,1,N/A,2,N/A,1,3,N/A,N/A,2,2,N/A,N/A,2,N/A,N/A,N/A,2,N/A,3,2,2,2,1,2,N/A,3,3,2,1,N/A,2,3,2,N/A,3,3,2,N/A,3,N/A,N/A,N/A,2,1,3,2,N/A,N/A,3,2,N/A,1,1,3,N/A,1,N/A,N/A,2,N/A,1,1,1,N/A,2,N/A,2,2,3,N/A,N/A,2,3,N/A,2,2,1,N/A,N/A,1,2,2,N/A,N/A,N/A,2,2,N/A,N/A,1,3,N/A,2,N/A,N/A,N/A,2,N/A,1,N/A,N/A,N/A,N/A,3,N/A,3,N/A,1,N/A,N/A,N/A,3,N/A,N/A,N/A,N/A,N/A,N/A,N/A,N/A,N/A,N/A,N/A
96,N/A,1,N/A,N/A,1,1,1,N/A,N/A,N/A,N/A,N/A,1,1,1,1,1,1,2,1,1,1,1,N/A,N/A,1,1,N/A,N/A,1,N/A,N/A,N/A,1,N/A,1,1,1,1,N/A,N/A,1,N/A,N/A,N/A,N/A,N/A,N/A,1,1,N/A,N/A,1,1,N/A,N/A,2,N/A,1,N/A,1,N/A,1,1,1,1,1,N/A,N/A,1,1,1,1,N/A,2,1,1,N/A,1,1,1,1,1,N/A,1,N/A,1,1,N/A,1,1,1,1,1,N/A,1,1,1,1,1,N/A,1,1,N/A,N/A,1,2,N/A,1,1,1,2,1,N/A,N/A,1,1,N/A,1,N/A,1,N/A,N/A,N/A,1,1,N/A,N/A,N/A,1,N/A,N/A,1,N/A,N/A,N/A,1,N/A,N/A,N/A,N/A,N/A,N/A,N/A,N/A,N/A,N/A,1,N/A,1,N/A,1,N/A,N/A,N/A,1,N/A,1,N/A,N/A,N/A,N/A,N/A,N/A,N/A,N/A,N/A
98,N/A,2,N/A,3,3,3,2,N/A,N/A,N/A,N/A,N/A,2,3,3,3,2,2,3,3,3,2,3,N/A,N/A,3,3,N/A,N/A,2,N/A,N/A,3,3,N/A,3,2,3,2,N/A,N/A,2,N/A,N/A,3,N/A,3,N/A,2,3,N/A,N/A,3,3,N/A,N/A,3,N/A,2,N/A,2,N/A,3,3,3,2,3,N/A,N/A,3,3,3,3,N/A,3,3,3,N/A,3,3,2,3,3,N/A,N/A,N/A,3,1,3,N/A,3,N/A,3,3,N/A,3,3,3,3,3,N/A,N/A,2,N/A,N/A,3,N/A,N/A,3,2,3,3,2,N/A,N/A,3,3,N/A,3,3,3,N/A,N/A,N/A,3,3,N/A,N/A,N/A,N/A,2,N/A,3,3,3,N/A,3,N/A,N/A,N/A,3,N/A,3,N/A,N/A,N/A,N/A,2,N/A,3,N/A,1,N/A,N/A,N/A,3,N/A,3,N/A,N/A,N/A,N/A,N/A,N/A,N/A,N/A,N/A
97,N/A,1,N/A,1,1,1,1,N/A,N/A,N/A,1,1,1,1,1,1,1,1,1,1,1,1,1,N/A,1,1,1,N/A,N/A,1,N/A,N/A,1,1,N/A,1,1,1,1,1,1,1,N/A,1,1,N/A,1,N/A,1,1,N/A,N/A,1,1,N/A,N/A,2,N/A,1,N/A,1,N/A,1,1,1,1,1,N/A,N/A,1,1,1,1,1,1,1,1,N/A,1,1,1,1,1,1,1,N/A,1,1,1,1,1,1,1,1,N/A,1,1,1,1,1,N/A,1,1,N/A,N/A,1,2,N/A,1,1,1,1,1,N/A,N/A,1,1,N/A,1,1,1,N/A,1,1,1,1,N/A,N/A,N/A,N/A,1,N/A,1,1,1,N/A,1,N/A,N/A,N/A,1,N/A,1,N/A,N/A,N/A,1,1,N/A,1,N/A,1,N/A,N/A,N/A,1,N/A,1,N/A,N/A,N/A,N/A,N/A,N/A,N/A,N/A,N/A
95,N/A,1,N/A,3,1,N/A,1,N/A,N/A,N/A,1,1,1,1,1,N/A,2,2,1,1,1,2,2,N/A,N/A,3,1,N/A,N/A,1,N/A,N/A,1,1,N/A,3,1,3,2,1,2,1,N/A,1,1,N/A,1,N/A,1,1,N/A,N/A,1,1,N/A,N/A,2,N/A,1,N/A,2,N/A,1,2,1,1,2,2,N/A,N/A,1,1,1,1,1,1,2,N/A,3,3,2,1,N/A,3,N/A,N/A,1,1,1,1,3,1,1,1,N/A,2,N/A,1,1,1,N/A,N/A,1,N/A,N/A,1,N/A,N/A,3,1,2,2,1,N/A,N/A,3,3,N/A,1,1,1,N/A,1,1,1,1,N/A,N/A,N/A,1,1,N/A,1,1,1,N/A,1,N/A,N/A,N/A,1,N/A,1,N/A,N/A,N/A,N/A,N/A,N/A,1,N/A,N/A,N/A,N/A,N/A,1,2,2,N/A,N/A,N/A,N/A,N/A,N/A,N/A,N/A,N/A
94,N/A,2,N/A,1,1,1,1,N/A,N/A,N/A,1,N/A,1,1,1,1,1,1,1,1,1,1,1,N/A,1,1,1,N/A,N/A,2,N/A,N/A,1,1,N/A,3,1,1,1,1,N/A,1,N/A,1,1,N/A,1,1,1,1,N/A,N/A,1,N/A,N/A,N/A,2,N/A,1,N/A,1,N/A,3,3,1,1,N/A,N/A,N/A,1,1,1,1,1,1,2,1,N/A,1,1,1,1,1,1,1,N/A,1,1,1,1,N/A,1,1,1,N/A,1,1,1,1,1,N/A,1,1,N/A,N/A,1,1,N/A,1,N/A,1,2,1,N/A,N/A,N/A,1,N/A,1,1,1,N/A,N/A,1,1,1,N/A,N/A,N/A,1,1,N/A,1,1,1,N/A,1,N/A,N/A,N/A,N/A,N/A,1,N/A,N/A,N/A,N/A,1,N/A,1,N/A,1,N/A,N/A,N/A,1,N/A,1,N/A,N/A,N/A,N/A,N/A,N/A,N/A,N/A,N/A
93,N/A,2,N/A,1,1,N/A,1,N/A,N/A,N/A,1,N/A,2,1,1,1,1,3,1,1,2,1,1,N/A,1,1,2,N/A,N/A,1,N/A,N/A,2,1,N/A,1,1,1,2,N/A,N/A,1,N/A,4,3,N/A,1,1,1,1,N/A,N/A,1,N/A,N/A,N/A,2,N/A,1,N/A,N/A,N/A,3,N/A,1,1,1,N/A,N/A,1,1,3,1,1,2,1,1,N/A,3,1,1,1,1,1,1,N/A,1,1,1,1,N/A,2,2,1,N/A,2,2,1,1,1,N/A,N/A,2,N/A,N/A,1,1,N/A,1,N/A,3,1,1,N/A,N/A,N/A,1,N/A,1,2,2,N/A,N/A,1,1,N/A,N/A,N/A,N/A,N/A,1,N/A,1,N/A,N/A,N/A,1,N/A,N/A,N/A,N/A,N/A,3,N/A,N/A,N/A,N/A,1,N/A,1,N/A,1,N/A,N/A,N/A,3,N/A,1,N/A,N/A,N/A,N/A,N/A,N/A,N/A,N/A,N/A
90,N/A,3,N/A,N/A,3,2,1,N/A,N/A,N/A,2,N/A,3,3,3,3,2,2,3,3,2,3,N/A,3,2,3,3,N/A,N/A,2,N/A,N/A,2,1,N/A,3,3,3,2,N/A,N/A,N/A,N/A,N/A,3,N/A,3,N/A,2,3,N/A,N/A,N/A,N/A,N/A,N/A,2,N/A,1,N/A,3,N/A,N/A,3,2,N/A,3,N/A,N/A,3,3,2,3,3,3,3,3,N/A,3,3,2,3,1,3,N/A,N/A,1,3,N/A,N/A,N/A,2,1,3,N/A,3,1,3,1,N/A,N/A,N/A,1,N/A,N/A,N/A,2,N/A,2,N/A,3,2,3,N/A,N/A,N/A,3,N/A,3,N/A,3,N/A,N/A,2,1,N/A,N/A,N/A,N/A,2,N/A,N/A,3,3,3,N/A,3,N/A,N/A,N/A,N/A,N/A,1,N/A,N/A,N/A,N/A,3,N/A,3,N/A,N/A,N/A,N/A,N/A,3,N/A,3,N/A,N/A,N/A,N/A,N/A,N/A,N/A,N/A,N/A
89,N/A,3,N/A,2,3,N/A,1,N/A,N/A,N/A,2,2,1,2,3,3,3,2,3,3,1,3,N/A,N/A,2,3,1,N/A,N/A,2,N/A,N/A,3,2,N/A,3,1,3,2,N/A,N/A,3,N/A,1,3,N/A,3,3,2,3,N/A,N/A,3,2,N/A,N/A,2,N/A,2,N/A,1,N/A,N/A,N/A,2,2,2,1,N/A,3,2,2,3,3,2,1,3,N/A,1,1,1,3,1,3,2,N/A,1,3,N/A,1,N/A,2,1,2,N/A,3,2,3,3,N/A,N/A,N/A,1,N/A,N/A,1,2,N/A,2,N/A,3,2,3,N/A,N/A,N/A,1,N/A,1,N/A,3,N/A,N/A,2,3,N/A,N/A,N/A,N/A,1,N/A,N/A,N/A,3,3,N/A,3,N/A,N/A,N/A,N/A,N/A,1,N/A,N/A,1,1,3,N/A,3,N/A,N/A,N/A,N/A,N/A,1,N/A,3,N/A,N/A,N/A,N/A,N/A,N/A,N/A,N/A,N/A
88,N/A,1,N/A,1,1,1,1,N/A,N/A,N/A,1,2,1,1,1,1,1,1,1,1,1,1,1,N/A,1,1,1,N/A,N/A,1,N/A,N/A,1,1,N/A,1,1,1,1,N/A,N/A,1,N/A,1,1,N/A,3,1,1,1,N/A,N/A,1,1,N/A,N/A,2,N/A,2,N/A,1,N/A,1,1,1,1,1,1,N/A,1,1,1,1,1,1,1,1,N/A,1,1,1,1,1,3,1,N/A,1,1,N/A,1,1,1,1,1,N/A,1,1,1,1,N/A,N/A,1,1,N/A,N/A,1,1,N/A,1,N/A,1,1,1,N/A,N/A,N/A,N/A,N/A,1,1,1,N/A,1,1,1,N/A,N/A,N/A,N/A,1,1,N/A,N/A,1,1,N/A,1,N/A,N/A,N/A,N/A,N/A,1,N/A,N/A,1,1,1,N/A,3,N/A,1,N/A,N/A,N/A,3,N/A,1,N/A,N/A,N/A,N/A,N/A,N/A,N/A,N/A,N/A
87,N/A,1,N/A,3,1,1,1,N/A,N/A,N/A,1,1,1,1,1,1,3,1,1,1,1,N/A,3,N/A,1,1,1,N/A,N/A,1,N/A,N/A,1,1,N/A,1,1,1,2,N/A,N/A,1,N/A,3,1,N/A,3,1,1,1,N/A,N/A,3,1,N/A,N/A,1,N/A,3,N/A,1,N/A,N/A,1,1,3,1,1,N/A,1,1,1,1,1,1,1,3,N/A,1,1,1,1,3,3,N/A,N/A,1,3,1,1,2,1,2,1,N/A,1,3,1,1,N/A,N/A,1,1,N/A,N/A,1,N/A,N/A,1,N/A,1,1,1,N/A,N/A,N/A,1,N/A,1,1,1,N/A,1,N/A,1,1,N/A,N/A,N/A,1,1,N/A,1,1,1,N/A,1,N/A,N/A,N/A,N/A,N/A,1,N/A,N/A,N/A,N/A,N/A,N/A,3,N/A,1,N/A,N/A,N/A,1,N/A,1,N/A,N/A,N/A,N/A,N/A,N/A,N/A,N/A,N/A
84,N/A,1,N/A,N/A,1,2,1,N/A,N/A,N/A,1,1,N/A,1,1,1,1,N/A,1,1,1,1,3,1,1,1,N/A,N/A,N/A,1,N/A,N/A,2,1,N/A,1,1,1,1,N/A,N/A,1,N/A,1,1,N/A,1,N/A,1,1,N/A,N/A,1,1,N/A,N/A,2,N/A,1,N/A,1,N/A,N/A,N/A,1,1,1,1,N/A,1,1,1,1,1,1,1,1,N/A,1,1,1,1,1,1,N/A,N/A,1,1,N/A,1,1,N/A,1,1,N/A,1,2,N/A,1,N/A,N/A,N/A,1,N/A,N/A,1,N/A,N/A,1,N/A,1,1,1,N/A,N/A,N/A,1,N/A,1,N/A,1,N/A,N/A,N/A,1,N/A,N/A,N/A,N/A,1,N/A,N/A,N/A,1,1,N/A,1,N/A,N/A,N/A,1,N/A,1,N/A,N/A,1,1,1,N/A,1,N/A,N/A,N/A,1,N/A,1,N/A,N/A,2,N/A,N/A,N/A,N/A,N/A,N/A,N/A,N/A
86,N/A,3,N/A,4,4,2,1,N/A,N/A,N/A,2,4,N/A,3,2,2,3,N/A,4,3,4,2,1,3,2,4,N/A,N/A,N/A,2,N/A,N/A,N/A,2,N/A,N/A,1,3,2,N/A,N/A,4,N/A,3,2,N/A,4,N/A,3,3,N/A,N/A,1,2,N/A,N/A,4,N/A,2,N/A,N/A,N/A,N/A,N/A,3,N/A,2,N/A,N/A,2,2,3,2,3,2,2,3,N/A,N/A,4,2,4,2,2,N/A,N/A,4,3,3,2,2,2,2,2,N/A,2,3,4,2,N/A,N/A,N/A,2,N/A,N/A,2,3,N/A,2,N/A,4,2,2,N/A,N/A,N/A,N/A,N/A,4,N/A,3,N/A,N/A,N/A,3,N/A,N/A,N/A,N/A,N/A,N/A,N/A,N/A,3,3,N/A,N/A,N/A,N/A,N/A,3,N/A,2,N/A,N/A,N/A,N/A,3,N/A,3,N/A,1,N/A,N/A,N/A,N/A,2,N/A,N/A,N/A,N/A,N/A,N/A,N/A,N/A,N/A,N/A
83,N/A,3,N/A,3,3,3,2,N/A,N/A,N/A,3,4,3,3,3,3,3,2,3,3,3,2,1,3,3,4,3,N/A,N/A,2,N/A,N/A,3,3,N/A,3,3,3,3,2,N/A,3,N/A,3,3,N/A,3,3,3,3,N/A,N/A,2,3,N/A,N/A,3,N/A,2,N/A,3,N/A,N/A,3,2,2,3,3,N/A,3,3,3,1,3,2,3,2,N/A,3,3,2,4,2,3,N/A,N/A,3,3,3,3,2,3,2,3,N/A,3,3,3,3,N/A,N/A,3,3,N/A,N/A,3,3,N/A,3,N/A,3,1,3,N/A,N/A,3,1,N/A,3,N/A,3,N/A,3,3,3,N/A,N/A,N/A,N/A,3,3,N/A,2,3,3,N/A,2,N/A,N/A,N/A,3,2,3,N/A,N/A,2,2,3,3,3,N/A,1,N/A,1,3,3,2,N/A,N/A,N/A,N/A,N/A,2,N/A,N/A,N/A,N/A
82,N/A,1,N/A,4,4,1,2,N/A,N/A,N/A,1,1,1,1,3,3,1,2,1,4,1,1,4,3,1,1,4,N/A,N/A,1,N/A,N/A,4,1,N/A,1,1,3,4,1,N/A,1,N/A,1,1,N/A,2,1,1,1,N/A,N/A,4,1,N/A,N/A,3,N/A,2,N/A,1,N/A,4,1,2,2,1,4,N/A,1,1,1,1,2,1,1,2,N/A,1,1,2,1,1,4,N/A,N/A,3,1,1,1,2,1,2,1,N/A,1,1,1,1,N/A,N/A,1,1,N/A,N/A,1,3,N/A,4,N/A,4,4,1,N/A,3,3,4,4,1,N/A,1,N/A,1,1,4,N/A,N/A,N/A,N/A,2,1,4,2,1,1,1,1,N/A,N/A,N/A,2,4,1,N/A,N/A,2,2,4,1,1,N/A,1,3,1,1,1,1,N/A,N/A,3,1,1,2,N/A,N/A,N/A,N/A
81,N/A,3,N/A,3,3,3,2,N/A,N/A,N/A,3,4,3,3,3,3,3,2,4,3,3,3,N/A,3,3,4,3,N/A,N/A,2,N/A,N/A,N/A,3,N/A,3,3,3,3,3,N/A,3,N/A,3,3,N/A,1,3,3,3,N/A,N/A,3,3,N/A,N/A,2,N/A,3,N/A,4,N/A,N/A,3,2,3,3,3,N/A,3,3,3,4,3,3,3,3,N/A,3,3,2,4,2,1,N/A,N/A,3,3,3,3,2,3,2,3,N/A,3,3,4,3,N/A,N/A,3,3,N/A,N/A,3,3,N/A,3,N/A,3,1,3,N/A,N/A,3,3,N/A,3,N/A,3,N/A,4,3,3,N/A,N/A,N/A,N/A,3,3,N/A,2,3,3,N/A,3,N/A,N/A,N/A,3,3,3,N/A,N/A,N/A,N/A,3,3,3,N/A,1,N/A,1,3,3,2,N/A,N/A,N/A,N/A,N/A,2,N/A,N/A,N/A,N/A
80,N/A,3,2,3,3,3,1,N/A,N/A,N/A,2,4,3,2,2,1,3,N/A,3,2,3,N/A,3,3,3,4,3,N/A,N/A,2,N/A,N/A,2,3,N/A,3,2,3,3,1,N/A,3,N/A,2,3,N/A,3,3,3,3,N/A,N/A,2,3,N/A,N/A,2,N/A,3,N/A,3,N/A,N/A,3,3,1,3,N/A,N/A,3,2,2,3,3,3,3,3,N/A,2,4,2,4,3,1,3,N/A,4,4,2,3,N/A,2,2,3,N/A,3,3,2,3,N/A,N/A,3,2,N/A,N/A,3,3,N/A,2,N/A,3,3,2,N/A,N/A,2,2,N/A,4,N/A,1,N/A,4,2,3,N/A,N/A,N/A,N/A,N/A,2,N/A,3,3,3,N/A,2,N/A,N/A,N/A,N/A,1,2,N/A,N/A,N/A,N/A,3,3,3,N/A,1,N/A,1,3,3,N/A,N/A,N/A,N/A,N/A,N/A,3,N/A,N/A,N/A,N/A
78,N/A,2,N/A,2,4,N/A,2,N/A,N/A,N/A,N/A,4,N/A,3,3,4,4,3,4,4,2,1,4,3,3,3,3,N/A,N/A,2,N/A,N/A,3,3,N/A,3,4,2,2,N/A,N/A,3,N/A,N/A,3,N/A,3,3,3,3,N/A,N/A,1,N/A,N/A,N/A,2,N/A,3,N/A,N/A,N/A,N/A,3,N/A,2,2,N/A,N/A,4,3,2,2,2,3,2,2,N/A,N/A,3,2,4,4,N/A,N/A,N/A,3,3,3,2,N/A,2,2,4,N/A,3,2,3,3,N/A,N/A,N/A,2,N/A,N/A,N/A,2,N/A,2,N/A,N/A,N/A,2,N/A,4,N/A,2,N/A,4,N/A,N/A,N/A,4,2,3,N/A,N/A,N/A,N/A,3,2,N/A,2,3,3,N/A,N/A,N/A,N/A,N/A,N/A,N/A,2,N/A,N/A,N/A,N/A,3,N/A,3,N/A,1,N/A,3,N/A,2,N/A,N/A,N/A,N/A,N/A,N/A,3,N/A,N/A,N/A,N/A
77,N/A,1,N/A,1,1,1,1,N/A,N/A,N/A,1,N/A,N/A,1,1,1,1,1,1,1,1,1,1,1,1,1,1,N/A,N/A,1,N/A,N/A,1,1,N/A,1,1,1,1,N/A,N/A,1,N/A,N/A,1,N/A,1,1,1,1,N/A,N/A,1,1,N/A,N/A,1,N/A,1,N/A,1,N/A,N/A,1,N/A,1,1,1,N/A,1,1,1,1,1,1,1,1,N/A,N/A,1,1,1,1,1,N/A,N/A,1,1,1,1,N/A,1,1,1,N/A,1,1,1,1,N/A,N/A,N/A,1,N/A,N/A,1,1,N/A,1,N/A,1,N/A,3,N/A,N/A,N/A,1,N/A,1,N/A,1,N/A,1,2,1,N/A,N/A,N/A,N/A,N/A,1,N/A,1,1,1,N/A,N/A,N/A,N/A,N/A,N/A,N/A,N/A,N/A,N/A,N/A,N/A,1,1,N/A,N/A,1,1,N/A,1,1,N/A,N/A,N/A,N/A,N/A,N/A,1,N/A,N/A,N/A,N/A
76,N/A,N/A,3,1,3,3,2,N/A,N/A,N/A,3,3,N/A,2,1,3,1,3,3,N/A,1,2,1,N/A,1,3,3,N/A,N/A,1,N/A,N/A,1,N/A,N/A,N/A,1,N/A,3,N/A,N/A,3,N/A,N/A,1,N/A,1,N/A,3,1,N/A,N/A,2,1,N/A,N/A,2,N/A,1,N/A,3,N/A,N/A,3,3,1,3,N/A,N/A,3,3,3,3,3,N/A,1,2,N/A,1,N/A,1,1,3,1,N/A,N/A,1,2,3,1,N/A,N/A,3,3,N/A,3,1,1,3,N/A,N/A,1,3,N/A,N/A,N/A,1,N/A,3,N/A,3,N/A,3,N/A,N/A,1,1,N/A,3,N/A,3,N/A,N/A,N/A,2,N/A,N/A,N/A,N/A,2,1,N/A,1,1,1,N/A,N/A,N/A,N/A,N/A,N/A,1,N/A,N/A,N/A,N/A,3,3,N/A,1,N/A,1,N/A,N/A,N/A,N/A,N/A,N/A,N/A,N/A,N/A,N/A,N/A,N/A,N/A,N/A,N/A
74,N/A,1,N/A,1,1,N/A,1,N/A,N/A,N/A,1,N/A,N/A,1,1,N/A,1,1,N/A,1,1,2,2,1,1,1,N/A,N/A,N/A,1,N/A,N/A,1,N/A,N/A,1,2,N/A,1,N/A,N/A,1,N/A,N/A,1,N/A,1,1,4,1,N/A,N/A,1,1,N/A,N/A,2,N/A,1,N/A,N/A,N/A,N/A,1,1,1,N/A,1,N/A,1,1,1,1,1,N/A,2,N/A,N/A,N/A,1,1,1,1,1,N/A,N/A,1,1,1,1,N/A,N/A,1,1,N/A,1,1,1,1,N/A,N/A,N/A,1,N/A,N/A,N/A,N/A,N/A,1,N/A,1,N/A,1,N/A,N/A,N/A,1,N/A,1,N/A,1,N/A,N/A,N/A,1,N/A,N/A,N/A,N/A,1,N/A,N/A,1,1,1,N/A,N/A,N/A,N/A,N/A,N/A,N/A,N/A,N/A,N/A,N/A,1,1,1,1,N/A,1,N/A,N/A,1,1,1,N/A,N/A,N/A,N/A,N/A,N/A,N/A,N/A,N/A,N/A
73,N/A,4,N/A,4,N/A,N/A,3,N/A,N/A,N/A,4,N/A,N/A,4,4,N/A,3,N/A,N/A,3,4,4,4,4,4,1,N/A,N/A,N/A,4,N/A,N/A,4,N/A,N/A,4,4,N/A,3,N/A,N/A,4,N/A,3,2,N/A,4,3,4,4,N/A,N/A,3,4,N/A,N/A,2,N/A,3,N/A,4,N/A,N/A,N/A,2,2,3,3,N/A,4,4,4,4,4,N/A,4,N/A,N/A,N/A,4,2,4,2,4,N/A,N/A,N/A,3,3,4,N/A,N/A,2,4,N/A,4,4,4,4,N/A,N/A,N/A,4,N/A,N/A,N/A,N/A,N/A,4,N/A,3,N/A,3,N/A,N/A,N/A,4,N/A,4,N/A,2,N/A,N/A,N/A,4,N/A,N/A,N/A,N/A,3,4,3,N/A,4,4,N/A,N/A,N/A,N/A,N/A,N/A,N/A,N/A,N/A,N/A,N/A,4,1,N/A,3,N/A,1,N/A,N/A,N/A,2,4,N/A,N/A,N/A,N/A,N/A,N/A,N/A,N/A,N/A,N/A
72,N/A,1,N/A,1,3,N/A,2,N/A,N/A,N/A,1,1,N/A,2,1,N/A,1,1,1,1,1,N/A,1,2,2,1,1,N/A,N/A,1,N/A,N/A,1,N/A,N/A,3,2,N/A,1,N/A,N/A,1,N/A,N/A,N/A,N/A,1,3,1,1,N/A,N/A,N/A,1,N/A,N/A,N/A,N/A,1,N/A,3,N/A,1,1,N/A,N/A,1,1,N/A,1,1,2,N/A,2,N/A,2,N/A,N/A,1,1,2,3,3,1,N/A,N/A,3,1,1,1,N/A,N/A,1,1,N/A,1,3,2,1,N/A,N/A,3,4,N/A,N/A,3,3,N/A,1,N/A,1,N/A,1,N/A,1,1,3,N/A,1,N/A,1,N/A,1,1,1,N/A,N/A,N/A,N/A,2,3,3,N/A,1,1,N/A,N/A,N/A,N/A,N/A,N/A,N/A,1,N/A,N/A,N/A,1,1,N/A,1,N/A,1,1,1,N/A,2,N/A,N/A,N/A,N/A,N/A,N/A,1,N/A,N/A,N/A,N/A
71,N/A,1,N/A,N/A,N/A,N/A,1,N/A,N/A,N/A,1,N/A,N/A,1,1,N/A,1,1,1,1,1,N/A,1,1,1,3,1,N/A,N/A,1,N/A,N/A,1,N/A,N/A,N/A,1,N/A,1,N/A,N/A,1,N/A,N/A,1,N/A,1,1,N/A,1,N/A,N/A,N/A,1,N/A,N/A,1,N/A,1,N/A,1,N/A,N/A,1,1,1,1,1,N/A,N/A,1,1,1,1,N/A,1,N/A,N/A,1,1,1,N/A,N/A,1,N/A,N/A,1,1,1,1,N/A,N/A,1,1,N/A,1,1,1,1,N/A,N/A,N/A,1,N/A,N/A,1,2,N/A,1,N/A,1,N/A,1,N/A,N/A,1,1,N/A,1,N/A,1,N/A,1,1,1,N/A,N/A,N/A,N/A,1,1,1,N/A,1,1,N/A,N/A,N/A,N/A,N/A,N/A,N/A,1,N/A,N/A,N/A,N/A,N/A,1,1,N/A,1,N/A,1,N/A,1,1,N/A,N/A,N/A,N/A,N/A,N/A,N/A,N/A,N/A,N/A
69,N/A,3,N/A,3,1,3,2,N/A,N/A,N/A,3,1,N/A,N/A,1,N/A,3,N/A,3,1,2,1,3,3,3,1,2,N/A,N/A,3,N/A,N/A,N/A,3,N/A,3,3,N/A,3,4,N/A,3,N/A,N/A,N/A,N/A,2,1,N/A,3,N/A,N/A,3,1,N/A,N/A,2,N/A,1,N/A,3,N/A,N/A,1,3,4,1,3,N/A,N/A,1,1,1,2,N/A,2,N/A,N/A,3,1,1,N/A,3,3,N/A,N/A,3,1,3,1,N/A,N/A,3,1,N/A,1,3,1,3,N/A,N/A,N/A,4,N/A,N/A,3,3,N/A,3,N/A,N/A,N/A,3,N/A,3,4,1,N/A,1,N/A,1,N/A,1,2,2,N/A,N/A,N/A,N/A,3,2,3,N/A,3,3,N/A,N/A,N/A,N/A,N/A,N/A,N/A,1,N/A,N/A,N/A,3,2,1,3,N/A,1,N/A,3,N/A,1,2,N/A,N/A,N/A,N/A,N/A,1,N/A,N/A,N/A,N/A
70,N/A,1,N/A,1,N/A,1,1,N/A,N/A,N/A,1,1,N/A,N/A,1,N/A,1,N/A,1,1,1,N/A,1,1,1,N/A,1,N/A,N/A,1,N/A,N/A,N/A,N/A,N/A,1,1,N/A,1,N/A,N/A,1,N/A,N/A,N/A,N/A,1,3,1,N/A,N/A,N/A,1,1,N/A,N/A,1,N/A,1,N/A,1,N/A,1,1,1,1,1,1,N/A,N/A,1,1,1,2,N/A,1,N/A,N/A,1,1,1,N/A,1,1,N/A,N/A,1,1,1,1,N/A,N/A,1,1,N/A,1,1,1,1,N/A,N/A,N/A,1,N/A,N/A,1,2,N/A,1,N/A,1,N/A,1,N/A,N/A,3,1,N/A,N/A,N/A,1,N/A,1,1,1,N/A,N/A,N/A,N/A,N/A,1,1,N/A,1,1,N/A,N/A,N/A,N/A,N/A,N/A,N/A,1,N/A,N/A,N/A,1,1,1,N/A,N/A,1,N/A,1,N/A,1,1,N/A,N/A,N/A,N/A,N/A,N/A,N/A,N/A,N/A,N/A
68,N/A,1,N/A,2,1,1,1,N/A,N/A,N/A,1,1,N/A,N/A,1,N/A,1,N/A,1,1,1,1,2,1,1,N/A,1,N/A,N/A,1,N/A,N/A,1,N/A,N/A,1,1,N/A,1,N/A,N/A,1,N/A,N/A,N/A,N/A,1,1,1,1,N/A,N/A,1,1,N/A,N/A,1,N/A,1,N/A,1,N/A,1,1,1,1,1,1,N/A,N/A,1,1,1,2,N/A,2,N/A,N/A,1,1,2,N/A,1,N/A,N/A,N/A,1,1,1,1,N/A,N/A,2,2,N/A,1,1,2,1,N/A,N/A,N/A,1,N/A,N/A,1,N/A,N/A,1,N/A,1,N/A,1,N/A,N/A,1,N/A,N/A,1,N/A,1,N/A,N/A,1,1,N/A,N/A,N/A,N/A,N/A,1,N/A,N/A,1,1,N/A,N/A,N/A,N/A,N/A,N/A,N/A,1,N/A,N/A,N/A,1,1,N/A,N/A,N/A,N/A,N/A,1,N/A,2,N/A,N/A,N/A,N/A,N/A,N/A,N/A,N/A,N/A,N/A,N/A
67,N/A,1,1,1,1,N/A,1,N/A,N/A,N/A,1,N/A,N/A,N/A,1,N/A,1,N/A,1,1,1,1,1,N/A,1,N/A,1,N/A,N/A,1,N/A,N/A,1,1,N/A,N/A,1,N/A,1,N/A,N/A,1,N/A,N/A,N/A,N/A,1,1,N/A,1,N/A,N/A,1,1,N/A,N/A,1,N/A,1,N/A,1,N/A,N/A,1,1,1,1,1,N/A,N/A,1,1,1,2,N/A,2,N/A,N/A,1,1,1,N/A,1,1,N/A,N/A,1,1,1,1,N/A,N/A,1,1,N/A,1,1,1,1,N/A,N/A,N/A,1,N/A,N/A,1,N/A,N/A,1,N/A,1,N/A,1,N/A,N/A,1,1,N/A,1,N/A,1,N/A,N/A,1,1,N/A,N/A,N/A,N/A,N/A,1,1,N/A,1,1,N/A,N/A,N/A,N/A,N/A,N/A,N/A,1,N/A,N/A,N/A,1,N/A,1,1,N/A,N/A,N/A,1,N/A,N/A,N/A,N/A,N/A,N/A,N/A,N/A,N/A,N/A,N/A,N/A,N/A
66,N/A,1,1,1,N/A,1,2,N/A,N/A,N/A,1,N/A,N/A,N/A,1,N/A,1,N/A,N/A,2,1,N/A,2,N/A,2,1,1,N/A,N/A,1,N/A,N/A,1,1,N/A,N/A,1,N/A,1,1,N/A,1,N/A,1,N/A,1,3,1,N/A,1,N/A,N/A,1,N/A,N/A,N/A,1,N/A,1,N/A,1,N/A,1,N/A,1,1,N/A,1,N/A,N/A,1,2,N/A,2,N/A,1,N/A,N/A,1,1,1,N/A,1,1,N/A,N/A,N/A,2,1,1,N/A,1,1,2,N/A,1,N/A,1,1,N/A,N/A,N/A,1,N/A,N/A,1,1,N/A,2,N/A,1,N/A,1,N/A,N/A,1,N/A,N/A,2,N/A,1,N/A,N/A,2,1,1,N/A,N/A,N/A,N/A,1,1,N/A,N/A,N/A,N/A,N/A,N/A,N/A,N/A,1,N/A,1,N/A,N/A,N/A,N/A,1,1,1,N/A,N/A,N/A,1,N/A,2,1,N/A,N/A,N/A,N/A,N/A,1,N/A,N/A,N/A,N/A
65,N/A,1,1,N/A,1,1,1,N/A,N/A,N/A,1,1,N/A,1,1,N/A,1,N/A,N/A,1,1,N/A,1,N/A,1,1,1,N/A,N/A,1,N/A,N/A,1,1,N/A,1,1,N/A,1,1,N/A,1,N/A,1,N/A,N/A,1,1,1,1,N/A,N/A,1,N/A,N/A,N/A,1,N/A,1,N/A,1,N/A,1,1,1,1,N/A,1,N/A,N/A,1,1,N/A,2,N/A,1,N/A,N/A,1,N/A,1,N/A,1,1,N/A,N/A,N/A,1,1,1,N/A,1,1,1,N/A,1,1,N/A,1,N/A,N/A,N/A,1,N/A,N/A,1,N/A,N/A,1,N/A,1,N/A,1,N/A,N/A,1,N/A,N/A,1,N/A,1,N/A,N/A,1,1,1,N/A,N/A,N/A,N/A,1,1,N/A,N/A,N/A,N/A,N/A,N/A,N/A,N/A,1,N/A,1,N/A,N/A,1,1,1,1,1,N/A,1,N/A,1,N/A,1,1,N/A,N/A,N/A,N/A,N/A,1,N/A,N/A,N/A,N/A
64,N/A,1,1,N/A,2,1,1,N/A,N/A,N/A,1,N/A,N/A,1,1,N/A,1,N/A,N/A,1,1,N/A,1,N/A,1,1,1,N/A,N/A,1,N/A,N/A,2,1,N/A,1,1,N/A,1,N/A,N/A,1,N/A,N/A,N/A,N/A,1,1,N/A,1,N/A,N/A,1,N/A,N/A,N/A,1,N/A,2,N/A,1,N/A,1,1,1,1,N/A,1,N/A,N/A,1,1,N/A,2,N/A,1,N/A,N/A,1,N/A,1,N/A,1,1,N/A,N/A,N/A,1,1,1,N/A,N/A,1,1,N/A,N/A,1,N/A,1,N/A,N/A,N/A,1,N/A,N/A,1,2,N/A,1,N/A,1,N/A,1,N/A,N/A,1,N/A,N/A,1,N/A,1,N/A,N/A,1,1,N/A,N/A,N/A,N/A,N/A,1,1,N/A,1,1,N/A,N/A,N/A,N/A,N/A,1,N/A,1,N/A,N/A,1,1,1,1,1,N/A,N/A,N/A,1,N/A,2,N/A,N/A,N/A,N/A,N/A,N/A,1,N/A,N/A,N/A,N/A
63,N/A,N/A,N/A,1,2,N/A,1,N/A,N/A,N/A,2,1,N/A,1,N/A,N/A,2,N/A,N/A,2,2,N/A,1,N/A,1,N/A,1,N/A,N/A,1,N/A,N/A,N/A,2,N/A,1,3,N/A,2,N/A,N/A,1,N/A,N/A,N/A,N/A,1,1,N/A,1,N/A,N/A,1,2,N/A,N/A,1,N/A,2,N/A,2,N/A,N/A,N/A,2,1,N/A,1,N/A,N/A,1,1,N/A,2,N/A,2,N/A,N/A,1,N/A,2,N/A,2,1,N/A,N/A,N/A,1,1,N/A,N/A,N/A,1,2,N/A,N/A,1,N/A,1,N/A,N/A,2,1,N/A,N/A,1,1,N/A,1,N/A,1,N/A,1,N/A,N/A,3,N/A,N/A,1,N/A,N/A,N/A,N/A,1,1,N/A,N/A,N/A,N/A,N/A,N/A,2,N/A,3,3,N/A,N/A,N/A,N/A,N/A,N/A,N/A,2,N/A,N/A,1,1,1,1,1,N/A,1,2,1,N/A,2,N/A,N/A,N/A,N/A,N/A,N/A,1,N/A,N/A,N/A,N/A
62,N/A,N/A,N/A,2,1,N/A,1,N/A,N/A,N/A,2,1,N/A,N/A,N/A,N/A,1,1,N/A,1,1,N/A,1,N/A,1,N/A,1,N/A,N/A,2,N/A,N/A,N/A,1,N/A,N/A,1,N/A,1,N/A,N/A,1,N/A,N/A,N/A,N/A,1,1,N/A,1,N/A,N/A,1,1,N/A,N/A,1,N/A,1,N/A,1,N/A,N/A,N/A,1,N/A,N/A,1,N/A,N/A,1,1,N/A,2,N/A,1,N/A,N/A,1,N/A,1,N/A,1,1,N/A,N/A,N/A,1,1,N/A,N/A,N/A,1,1,N/A,N/A,1,N/A,1,N/A,N/A,N/A,1,N/A,N/A,1,2,N/A,1,N/A,1,N/A,1,N/A,N/A,1,N/A,N/A,1,N/A,N/A,N/A,N/A,1,1,1,N/A,N/A,N/A,N/A,1,1,N/A,1,1,N/A,N/A,N/A,N/A,N/A,N/A,N/A,1,N/A,N/A,1,1,1,1,1,N/A,N/A,1,1,N/A,2,N/A,N/A,N/A,N/A,N/A,N/A,N/A,N/A,N/A,N/A,N/A
60,N/A,N/A,N/A,N/A,N/A,N/A,2,N/A,N/A,N/A,2,N/A,N/A,N/A,N/A,N/A,2,N/A,N/A,2,2,N/A,1,N/A,N/A,N/A,N/A,N/A,N/A,2,N/A,N/A,N/A,N/A,N/A,2,1,N/A,2,N/A,N/A,2,N/A,N/A,N/A,2,1,N/A,N/A,N/A,N/A,N/A,1,1,N/A,N/A,1,N/A,2,N/A,1,N/A,N/A,N/A,N/A,N/A,N/A,1,N/A,N/A,1,1,N/A,N/A,N/A,2,N/A,N/A,N/A,N/A,N/A,N/A,2,N/A,N/A,N/A,N/A,2,N/A,N/A,N/A,N/A,2,N/A,N/A,2,N/A,N/A,1,N/A,N/A,N/A,1,N/A,N/A,2,2,N/A,1,N/A,1,N/A,1,N/A,N/A,3,N/A,N/A,3,N/A,N/A,N/A,1,N/A,N/A,N/A,N/A,N/A,N/A,N/A,1,2,N/A,N/A,N/A,N/A,N/A,N/A,N/A,N/A,N/A,N/A,1,N/A,N/A,N/A,N/A,2,2,N/A,N/A,N/A,N/A,1,N/A,N/A,N/A,N/A,N/A,N/A,N/A,N/A,N/A,N/A,N/A,N/A,N/A
59,N/A,1,N/A,N/A,N/A,1,1,N/A,N/A,N/A,1,1,N/A,N/A,N/A,N/A,1,1,N/A,1,1,N/A,1,N/A,1,1,N/A,N/A,N/A,1,N/A,N/A,N/A,N/A,N/A,1,1,N/A,1,N/A,N/A,1,N/A,1,N/A,1,1,N/A,1,1,N/A,N/A,1,1,N/A,N/A,1,N/A,1,N/A,1,N/A,N/A,N/A,1,1,N/A,1,N/A,N/A,N/A,1,N/A,N/A,N/A,N/A,N/A,N/A,N/A,N/A,N/A,N/A,1,1,N/A,N/A,N/A,1,N/A,N/A,N/A,1,1,1,N/A,1,1,N/A,N/A,N/A,N/A,1,1,N/A,N/A,1,N/A,N/A,1,N/A,N/A,N/A,1,N/A,N/A,1,N/A,N/A,1,N/A,1,N/A,1,1,1,N/A,N/A,N/A,N/A,N/A,1,1,N/A,N/A,N/A,1,N/A,1,N/A,N/A,N/A,N/A,1,N/A,N/A,1,1,1,1,N/A,N/A,N/A,N/A,1,N/A,1,N/A,N/A,N/A,1,N/A,N/A,1,1,1,N/A,N/A
58,N/A,N/A,N/A,N/A,1,N/A,1,N/A,N/A,N/A,1,N/A,N/A,1,N/A,N/A,N/A,N/A,N/A,1,1,N/A,N/A,N/A,1,N/A,1,N/A,N/A,N/A,N/A,N/A,N/A,N/A,N/A,N/A,1,N/A,1,1,N/A,1,N/A,N/A,N/A,N/A,1,N/A,1,1,N/A,N/A,1,1,N/A,N/A,1,N/A,N/A,N/A,1,N/A,N/A,N/A,N/A,1,N/A,1,N/A,N/A,N/A,1,N/A,N/A,N/A,N/A,N/A,N/A,N/A,N/A,N/A,N/A,1,1,N/A,N/A,N/A,1,N/A,N/A,N/A,N/A,1,1,N/A,N/A,1,N/A,N/A,N/A,N/A,N/A,1,N/A,N/A,1,N/A,N/A,1,N/A,N/A,N/A,1,N/A,1,N/A,N/A,N/A,N/A,N/A,N/A,N/A,N/A,1,N/A,N/A,N/A,N/A,N/A,N/A,N/A,N/A,N/A,N/A,N/A,N/A,N/A,1,N/A,N/A,N/A,N/A,1,N/A,N/A,1,1,1,1,N/A,N/A,N/A,N/A,1,N/A,1,N/A,N/A,N/A,1,N/A,N/A,N/A,N/A,N/A,1,N/A
57,N/A,N/A,N/A,1,N/A,1,N/A,N/A,N/A,N/A,1,N/A,N/A,N/A,N/A,N/A,N/A,N/A,N/A,N/A,N/A,N/A,N/A,N/A,N/A,N/A,N/A,N/A,N/A,N/A,N/A,N/A,N/A,N/A,N/A,N/A,N/A,N/A,N/A,N/A,N/A,N/A,N/A,N/A,N/A,N/A,N/A,N/A,N/A,N/A,N/A,N/A,1,N/A,N/A,N/A,1,N/A,N/A,N/A,N/A,N/A,N/A,N/A,N/A,N/A,N/A,N/A,N/A,N/A,N/A,1,N/A,N/A,N/A,N/A,N/A,N/A,N/A,N/A,N/A,N/A,1,N/A,N/A,N/A,N/A,N/A,N/A,N/A,N/A,N/A,1,N/A,N/A,N/A,1,N/A,N/A,N/A,N/A,N/A,N/A,N/A,N/A,N/A,N/A,N/A,N/A,N/A,N/A,N/A,1,N/A,N/A,N/A,N/A,N/A,N/A,N/A,N/A,N/A,N/A,N/A,N/A,N/A,N/A,N/A,N/A,N/A,N/A,N/A,N/A,N/A,N/A,N/A,N/A,N/A,N/A,N/A,N/A,N/A,N/A,N/A,N/A,1,1,1,N/A,N/A,N/A,N/A,N/A,1,N/A,N/A,N/A,N/A,N/A,N/A,N/A,N/A,N/A,N/A,N/A,N/A,N/A
56,N/A,N/A,N/A,N/A,1,1,N/A,N/A,N/A,N/A,1,1,N/A,N/A,N/A,N/A,1,N/A,N/A,1,1,N/A,1,N/A,1,N/A,1,N/A,N/A,N/A,N/A,N/A,N/A,N/A,N/A,1,1,N/A,1,N/A,N/A,N/A,N/A,1,N/A,N/A,1,N/A,N/A,1,N/A,N/A,1,1,N/A,N/A,1,N/A,N/A,N/A,1,N/A,N/A,N/A,1,N/A,N/A,1,N/A,N/A,N/A,1,N/A,N/A,N/A,N/A,N/A,N/A,N/A,N/A,1,N/A,1,N/A,N/A,N/A,N/A,1,N/A,1,N/A,1,1,N/A,N/A,1,1,N/A,N/A,N/A,N/A,N/A,1,N/A,N/A,N/A,N/A,N/A,1,N/A,1,N/A,1,N/A,1,N/A,N/A,N/A,1,N/A,N/A,N/A,1,N/A,N/A,N/A,N/A,N/A,N/A,N/A,1,1,N/A,N/A,1,N/A,N/A,1,N/A,N/A,N/A,N/A,1,N/A,N/A,1,1,1,N/A,N/A,N/A,N/A,1,1,N/A,1,N/A,N/A,N/A,N/A,N/A,N/A,1,N/A,N/A,N/A,1
54,N/A,1,N/A,1,1,1,N/A,N/A,N/A,N/A,1,1,N/A,1,N/A,N/A,1,N/A,N/A,1,1,N/A,N/A,N/A,1,N/A,1,N/A,N/A,N/A,N/A,N/A,N/A,N/A,N/A,N/A,1,N/A,N/A,N/A,N/A,N/A,N/A,N/A,N/A,N/A,1,N/A,N/A,1,N/A,N/A,N/A,1,N/A,N/A,1,N/A,1,N/A,1,N/A,N/A,N/A,1,N/A,N/A,1,N/A,N/A,1,1,N/A,N/A,N/A,N/A,N/A,N/A,N/A,N/A,N/A,N/A,1,1,N/A,N/A,N/A,1,N/A,N/A,N/A,1,1,1,N/A,N/A,1,N/A,N/A,N/A,N/A,N/A,1,N/A,N/A,N/A,N/A,N/A,N/A,N/A,N/A,N/A,N/A,N/A,N/A,N/A,N/A,N/A,N/A,N/A,N/A,N/A,1,1,1,N/A,N/A,N/A,N/A,N/A,N/A,N/A,N/A,N/A,1,N/A,N/A,1,N/A,N/A,N/A,N/A,1,N/A,N/A,1,1,1,N/A,N/A,N/A,N/A,N/A,N/A,N/A,1,N/A,N/A,N/A,N/A,N/A,N/A,1,N/A,N/A,N/A,N/A
52,N/A,3,N/A,N/A,N/A,N/A,1,N/A,N/A,N/A,3,3,N/A,N/A,N/A,N/A,N/A,N/A,N/A,1,N/A,N/A,N/A,N/A,1,N/A,1,N/A,N/A,N/A,N/A,N/A,1,N/A,N/A,N/A,2,N/A,N/A,3,N/A,N/A,N/A,N/A,N/A,N/A,N/A,N/A,N/A,3,N/A,N/A,N/A,3,N/A,N/A,N/A,N/A,1,N/A,1,N/A,N/A,N/A,N/A,2,N/A,3,N/A,N/A,N/A,1,N/A,N/A,N/A,N/A,N/A,N/A,N/A,N/A,N/A,N/A,3,N/A,N/A,N/A,N/A,N/A,N/A,N/A,N/A,N/A,3,N/A,N/A,N/A,N/A,N/A,N/A,N/A,N/A,N/A,3,N/A,N/A,N/A,N/A,N/A,3,N/A,N/A,N/A,N/A,N/A,3,N/A,N/A,N/A,N/A,N/A,N/A,N/A,N/A,N/A,N/A,N/A,N/A,N/A,N/A,N/A,N/A,N/A,N/A,N/A,3,1,N/A,1,N/A,N/A,N/A,N/A,N/A,N/A,N/A,1,1,N/A,N/A,N/A,N/A,N/A,N/A,N/A,N/A,3,N/A,N/A,N/A,N/A,N/A,N/A,N/A,1,N/A,N/A,N/A
