from_key,966,957,956,955,954,952,950,947,946,948,944,943,940,937,935,931,930,927,926,924,920,921,917,916,914,912,897,895,893,890,885,880,877,871,867,868,865,864,862,861,860,858,856,855,854,853,851,848,845,844,843,842,839,836,835,833,829,827,826,825,823,821,817,819,818,814,811,810,805,804,801,799,800,798,797,794,793,792,791,790,787,717,687,155,202,187,104,103,101,96,98,97,95,94,93,90,89,88,87,84,86,83,82,81,80,78,77,76,74,73,72,71,69,70,68,67,66,65,64,63,62,60,59,58,57,56,54,52
Enigma,1,1,2,1,2,3,1,1,3,1,N/A,N/A,1,1,1,1,1,1,1,1,2,2,2,3,1,1,1,1,N/A,1,1,1,1,1,1,2,2,1,1,2,1,3,3,1,1,3,2,1,1,1,1,1,N/A,3,1,1,1,3,3,1,1,1,1,1,3,1,1,1,1,1,1,1,1,1,1,1,1,1,3,1,2,1,N/A,N/A,N/A,N/A,N/A,N/A,N/A,N/A,N/A,N/A,N/A,N/A,N/A,N/A,N/A,N/A,N/A,N/A,N/A,N/A,N/A,N/A,N/A,N/A,N/A,N/A,N/A,N/A,N/A,N/A,N/A,N/A,N/A,N/A,N/A,N/A,N/A,N/A,N/A,N/A,N/A,N/A,N/A,N/A,N/A,N/A
Tessellated,1,1,3,1,1,3,1,1,N/A,1,1,1,1,N/A,1,1,1,1,1,1,N/A,N/A,1,3,N/A,N/A,1,1,N/A,1,1,N/A,1,1,1,1,2,1,N/A,2,N/A,1,4,1,1,1,1,1,1,1,1,1,1,2,1,3,1,3,1,1,1,1,1,1,1,1,3,1,1,1,1,1,1,1,1,1,4,1,1,1,1,1,1,2,2,1,1,1,1,1,2,1,1,2,2,3,3,1,1,1,3,3,1,3,3,2,1,N/A,1,4,1,1,3,1,1,1,1,1,1,N/A,N/A,N/A,1,N/A,N/A,N/A,1,3
MANTRA,1,N/A,N/A,N/A,N/A,N/A,N/A,N/A,N/A,N/A,N/A,N/A,N/A,N/A,N/A,N/A,2,2,1,1,2,2,2,2,1,N/A,N/A,N/A,N/A,N/A,N/A,N/A,N/A,N/A,N/A,N/A,N/A,N/A,N/A,N/A,N/A,N/A,N/A,N/A,N/A,N/A,N/A,N/A,N/A,N/A,N/A,N/A,N/A,N/A,N/A,N/A,N/A,N/A,N/A,N/A,N/A,N/A,N/A,N/A,N/A,N/A,N/A,N/A,N/A,N/A,N/A,N/A,N/A,N/A,N/A,N/A,N/A,N/A,N/A,N/A,N/A,N/A,N/A,N/A,N/A,N/A,N/A,N/A,N/A,N/A,N/A,N/A,N/A,N/A,N/A,N/A,N/A,N/A,N/A,N/A,N/A,N/A,N/A,N/A,2,N/A,N/A,3,N/A,N/A,N/A,N/A,N/A,N/A,N/A,1,1,1,1,N/A,N/A,N/A,N/A,N/A,N/A,N/A,N/A,N/A
Easy 2 Stake,1,N/A,N/A,N/A,N/A,N/A,1,2,3,1,1,1,1,1,1,N/A,3,1,N/A,N/A,N/A,N/A,1,3,1,1,N/A,2,3,N/A,1,N/A,1,2,1,3,2,1,1,3,1,1,3,2,1,2,1,3,1,1,1,2,1,2,1,1,1,3,2,1,1,1,1,1,3,1,3,1,N/A,1,1,1,N/A,1,1,N/A,2,1,3,2,2,3,1,3,N/A,1,2,1,3,N/A,3,1,3,1,1,N/A,2,1,3,N/A,4,3,4,3,3,2,1,1,1,4,1,N/A,3,1,2,1,1,N/A,N/A,1,2,N/A,N/A,N/A,1,N/A,1,N/A
S16 Research Vent...,1,1,3,1,1,3,1,1,2,1,1,1,1,1,1,1,1,1,1,1,1,2,2,3,1,1,1,3,3,1,1,1,1,1,1,N/A,1,1,1,3,1,1,3,1,1,1,1,1,1,1,1,1,1,3,1,1,1,3,1,1,1,1,1,1,3,1,3,1,1,1,1,1,1,1,1,1,1,1,3,1,2,1,1,3,1,1,2,1,3,1,3,1,1,1,1,3,3,1,1,1,4,3,4,3,3,4,1,3,1,N/A,3,N/A,1,N/A,1,1,N/A,1,2,2,1,N/A,N/A,1,N/A,1,1,N/A
Stir,1,1,3,1,1,1,1,1,3,1,1,1,1,1,1,1,1,1,1,1,2,2,1,3,1,1,1,1,3,1,1,1,1,1,1,3,1,1,1,3,N/A,1,3,1,1,2,2,1,2,1,1,N/A,1,N/A,1,1,1,N/A,N/A,1,1,1,1,1,3,1,3,1,1,1,1,1,1,1,1,1,2,1,3,1,N/A,N/A,1,2,N/A,N/A,1,1,2,1,3,1,N/A,1,N/A,2,N/A,1,1,2,2,3,1,3,3,N/A,1,3,N/A,N/A,N/A,N/A,3,1,1,N/A,1,1,1,N/A,N/A,N/A,1,N/A,1,1,1,N/A
IRISNET,1,1,1,1,1,3,1,1,1,1,N/A,N/A,1,1,1,N/A,N/A,1,1,1,1,3,N/A,N/A,1,1,1,1,3,N/A,1,1,1,1,1,1,1,1,1,3,1,1,1,1,1,1,1,1,1,1,1,1,N/A,1,1,1,1,3,1,1,1,1,1,1,2,N/A,1,1,1,1,1,1,1,1,1,1,1,1,3,1,2,1,1,3,2,1,1,1,1,1,2,1,1,1,1,1,1,1,1,1,1,2,2,2,1,2,1,2,1,3,2,1,2,1,1,1,2,1,1,1,1,2,1,1,N/A,N/A,N/A,1
Sygnum,1,1,3,2,1,2,N/A,1,3,N/A,N/A,N/A,N/A,N/A,N/A,N/A,N/A,1,N/A,3,N/A,N/A,1,3,N/A,N/A,N/A,N/A,N/A,N/A,1,1,1,1,N/A,N/A,N/A,1,1,1,N/A,1,N/A,N/A,N/A,3,3,3,N/A,N/A,N/A,N/A,3,3,1,1,3,3,1,N/A,N/A,N/A,N/A,N/A,N/A,1,3,1,3,1,N/A,N/A,N/A,1,1,1,N/A,N/A,N/A,N/A,N/A,N/A,N/A,N/A,N/A,N/A,N/A,N/A,N/A,N/A,N/A,N/A,N/A,N/A,N/A,N/A,N/A,N/A,N/A,N/A,N/A,N/A,N/A,N/A,N/A,N/A,N/A,N/A,N/A,N/A,N/A,N/A,N/A,N/A,N/A,N/A,N/A,N/A,N/A,N/A,N/A,N/A,N/A,N/A,N/A,N/A,N/A,N/A
Bunkerstake.io,1,1,3,1,1,1,1,1,3,1,1,2,2,1,1,3,2,1,1,1,2,2,2,3,1,2,1,2,N/A,1,1,1,1,1,1,2,2,1,1,1,1,1,3,1,1,3,1,1,1,1,1,1,3,1,1,1,1,3,1,1,1,1,1,1,3,1,3,1,1,1,N/A,N/A,N/A,N/A,N/A,N/A,N/A,N/A,N/A,N/A,N/A,N/A,N/A,N/A,N/A,N/A,N/A,N/A,N/A,N/A,N/A,N/A,N/A,N/A,N/A,N/A,N/A,N/A,N/A,N/A,N/A,N/A,N/A,N/A,N/A,N/A,N/A,N/A,N/A,N/A,N/A,N/A,N/A,N/A,N/A,N/A,N/A,N/A,N/A,N/A,N/A,N/A,N/A,N/A,N/A,N/A,N/A,N/A
Dora Factory PGS,1,N/A,N/A,1,1,4,1,N/A,N/A,N/A,N/A,N/A,N/A,N/A,N/A,N/A,N/A,N/A,N/A,N/A,N/A,N/A,2,2,1,1,1,N/A,N/A,1,1,1,1,1,N/A,1,1,1,1,3,1,1,3,1,1,1,N/A,1,1,1,1,1,N/A,2,1,1,1,1,3,1,1,1,1,1,3,1,1,N/A,1,1,N/A,N/A,N/A,N/A,N/A,N/A,N/A,1,2,1,2,1,N/A,N/A,N/A,N/A,N/A,N/A,N/A,N/A,N/A,N/A,N/A,N/A,N/A,N/A,N/A,N/A,N/A,N/A,N/A,N/A,N/A,N/A,N/A,N/A,N/A,N/A,N/A,N/A,N/A,N/A,N/A,N/A,N/A,N/A,N/A,N/A,N/A,N/A,N/A,N/A,N/A,N/A,N/A,N/A,N/A,N/A
Compass,1,1,N/A,N/A,N/A,N/A,1,N/A,N/A,1,1,N/A,1,1,1,1,1,1,1,1,N/A,N/A,N/A,N/A,1,1,1,2,N/A,1,1,1,1,1,1,2,1,1,1,2,N/A,1,3,1,1,2,1,1,1,1,1,1,1,2,1,1,1,3,1,1,1,1,N/A,1,3,1,3,1,1,1,1,1,1,1,1,1,1,1,3,1,N/A,1,1,N/A,1,1,1,1,N/A,N/A,N/A,1,1,1,1,2,2,1,1,1,2,3,1,3,2,N/A,1,3,1,4,1,1,3,1,1,1,1,1,1,2,2,2,1,1,1,1,1,3
strangelove,1,1,1,1,1,3,1,N/A,N/A,N/A,N/A,N/A,N/A,N/A,N/A,N/A,N/A,N/A,N/A,N/A,3,N/A,N/A,N/A,N/A,N/A,N/A,N/A,N/A,1,1,N/A,1,1,1,1,1,N/A,1,2,1,1,3,1,1,1,N/A,1,N/A,N/A,N/A,N/A,1,1,N/A,N/A,N/A,N/A,N/A,N/A,N/A,N/A,N/A,N/A,1,1,3,1,1,1,N/A,N/A,N/A,N/A,N/A,1,1,1,1,1,N/A,1,1,N/A,3,1,1,1,2,N/A,N/A,1,1,N/A,N/A,N/A,2,2,1,1,4,4,1,4,4,4,N/A,3,N/A,N/A,1,N/A,1,1,1,N/A,N/A,1,N/A,1,1,N/A,1,N/A,N/A,1,1,3
CrowdControl,1,1,3,1,2,N/A,1,1,3,1,1,1,1,1,1,2,2,1,1,1,N/A,3,1,1,1,2,1,1,3,1,1,1,1,1,2,2,3,1,2,3,1,2,3,1,1,1,2,3,1,1,1,2,3,2,1,3,1,3,2,1,1,1,1,1,2,2,3,1,1,1,1,1,1,1,1,1,1,1,4,1,N/A,1,1,2,1,1,2,1,2,1,2,1,1,1,2,3,1,1,1,N/A,N/A,3,1,3,3,N/A,N/A,N/A,N/A,N/A,N/A,N/A,N/A,N/A,N/A,N/A,N/A,N/A,N/A,N/A,N/A,N/A,N/A,N/A,N/A,N/A,N/A,N/A
Blockdaemon,1,1,3,1,2,2,1,1,1,N/A,1,1,N/A,N/A,N/A,1,1,N/A,N/A,1,1,3,1,N/A,N/A,N/A,N/A,N/A,3,N/A,N/A,N/A,N/A,N/A,N/A,N/A,N/A,N/A,N/A,N/A,N/A,N/A,N/A,N/A,1,N/A,1,N/A,N/A,N/A,N/A,1,1,N/A,1,3,1,1,1,1,1,1,1,1,3,1,3,1,1,1,1,1,1,1,2,1,2,1,4,1,2,1,1,2,2,1,2,1,2,1,3,1,1,1,1,3,2,1,1,1,3,3,1,3,2,3,1,2,1,4,2,1,N/A,N/A,N/A,N/A,N/A,1,1,1,N/A,N/A,N/A,1,N/A,N/A,1,N/A
Virtual Hive,1,1,3,1,1,2,1,1,1,1,1,1,1,1,1,1,1,1,1,1,1,2,1,2,1,1,1,2,3,1,N/A,1,1,1,1,1,1,1,1,1,1,1,3,1,1,1,1,1,1,1,1,1,N/A,1,1,1,1,2,1,1,1,1,1,1,3,1,3,1,1,1,1,1,1,1,1,1,1,1,1,1,1,1,1,N/A,N/A,1,3,1,2,1,3,1,1,1,1,3,3,1,1,1,2,3,3,3,2,3,1,1,1,4,1,1,1,1,1,1,1,1,1,N/A,N/A,N/A,N/A,N/A,N/A,N/A,N/A,N/A
Bro_n_Bro,1,1,3,1,3,2,1,N/A,N/A,1,1,1,1,1,1,1,3,1,N/A,1,1,2,1,3,1,3,1,3,3,N/A,1,1,1,1,1,3,3,1,1,1,1,3,4,1,1,3,1,2,1,1,1,1,3,3,1,1,1,3,3,1,1,1,1,1,3,1,3,1,1,1,1,1,N/A,1,1,1,1,1,3,1,1,1,1,1,2,1,1,1,3,1,3,1,N/A,1,1,3,3,1,1,1,2,3,3,3,1,4,1,3,N/A,N/A,N/A,N/A,N/A,N/A,N/A,N/A,N/A,N/A,N/A,N/A,N/A,N/A,N/A,N/A,N/A,N/A,N/A,N/A
Chorus One,1,1,2,1,1,2,1,1,2,1,1,1,1,1,1,1,1,1,1,1,2,2,N/A,N/A,1,2,1,1,3,1,1,1,1,1,1,3,N/A,1,1,3,1,2,3,1,1,3,1,3,2,2,2,1,1,2,1,2,1,1,1,1,1,1,1,1,3,1,3,1,1,1,1,2,2,1,3,2,2,2,4,1,2,1,1,2,2,1,3,1,1,1,2,1,2,1,1,2,3,1,3,1,3,3,1,3,3,4,1,1,1,3,1,1,3,1,1,1,1,1,1,2,1,2,1,N/A,N/A,1,1,N/A
DSRV,1,1,3,2,1,2,1,3,3,1,2,1,1,1,3,1,2,2,1,1,2,2,2,2,1,2,1,N/A,N/A,N/A,1,1,1,1,1,3,2,1,N/A,3,N/A,1,4,1,1,2,2,3,1,1,1,1,1,2,1,1,1,3,1,1,1,1,1,1,1,1,2,1,1,N/A,1,1,2,1,1,1,1,1,2,1,2,1,1,3,2,1,N/A,N/A,2,1,2,1,2,1,3,2,2,1,1,N/A,N/A,2,2,2,N/A,3,1,3,1,N/A,1,1,N/A,N/A,N/A,N/A,N/A,N/A,N/A,N/A,1,N/A,1,N/A,N/A,N/A,N/A,N/A
Golden Ratio Staking,2,2,4,2,2,2,2,2,2,2,2,2,2,1,1,1,1,1,1,1,2,2,1,1,1,2,1,1,4,1,1,1,N/A,N/A,2,1,1,1,N/A,N/A,1,3,2,2,1,1,1,1,1,1,1,1,1,3,1,3,1,1,2,1,1,1,1,1,1,2,1,1,1,1,1,1,1,N/A,1,1,1,1,3,1,1,1,1,3,2,1,1,1,3,2,3,1,1,1,1,3,3,1,1,1,4,3,1,4,3,4,1,3,N/A,N/A,1,1,3,1,1,1,N/A,N/A,N/A,N/A,N/A,N/A,N/A,N/A,N/A,N/A,N/A,N/A
WeStaking,1,1,3,1,1,2,1,1,3,1,N/A,1,1,1,1,1,1,1,1,1,N/A,N/A,1,3,1,1,1,3,3,N/A,1,1,1,1,1,3,1,1,1,3,1,1,3,1,1,3,1,3,1,1,1,1,1,1,1,1,1,3,1,1,1,1,1,1,1,1,3,1,1,1,1,1,1,1,1,N/A,1,1,3,1,1,1,1,N/A,1,1,2,1,3,1,3,1,1,1,1,3,3,1,1,1,3,3,4,3,2,4,1,N/A,1,3,1,1,1,1,1,1,2,1,1,2,1,2,1,1,N/A,1,1,1
Stakecito,1,1,3,1,1,1,1,1,3,1,1,1,1,1,1,1,1,1,1,N/A,2,2,1,N/A,1,1,N/A,1,N/A,1,1,1,1,1,1,1,1,1,1,3,1,1,3,1,1,1,1,1,2,1,1,1,1,3,1,1,1,3,2,1,1,1,1,1,1,1,3,1,1,1,1,1,1,1,3,1,1,1,3,1,2,1,1,2,1,1,1,1,1,1,3,1,1,1,2,2,1,1,1,1,4,3,1,3,3,2,1,1,1,4,1,1,2,1,1,1,1,1,1,2,1,2,1,1,N/A,1,1,N/A
Coinage x DAIC,1,2,3,2,2,2,1,1,2,1,1,1,1,1,1,1,3,1,1,1,2,2,2,2,1,1,1,1,N/A,1,1,1,1,1,1,3,1,1,1,3,1,1,3,1,1,2,1,1,1,1,1,2,1,2,1,1,1,1,1,1,1,1,1,1,3,1,N/A,1,1,1,1,1,2,1,1,1,2,1,2,1,2,1,1,2,3,1,1,1,2,1,2,1,2,1,1,3,3,1,N/A,1,2,2,1,3,N/A,1,1,2,2,4,N/A,N/A,1,N/A,1,1,N/A,N/A,N/A,N/A,N/A,N/A,N/A,N/A,N/A,N/A,N/A,N/A
EZ Staking,1,N/A,4,1,1,1,1,2,3,1,N/A,N/A,1,1,N/A,1,1,2,1,1,2,2,N/A,N/A,N/A,N/A,1,2,3,N/A,1,2,1,1,1,3,2,1,1,2,1,3,4,1,4,3,2,1,1,1,1,1,3,3,1,1,1,3,2,1,1,1,1,1,4,4,3,1,1,1,2,1,1,N/A,N/A,1,4,1,4,1,1,1,1,3,N/A,1,3,2,2,1,3,1,2,1,1,N/A,N/A,1,3,3,1,1,4,N/A,3,4,1,1,2,4,1,1,3,1,2,1,2,1,1,1,1,1,1,N/A,N/A,1,N/A,N/A
Cosmos Spaces,1,N/A,N/A,N/A,N/A,2,2,2,3,1,2,2,N/A,1,1,1,N/A,2,1,1,1,2,N/A,1,1,1,1,1,3,N/A,1,1,1,2,1,3,1,1,1,3,2,1,2,1,1,1,2,4,1,1,1,1,1,1,1,1,1,1,3,1,1,1,1,1,1,1,3,1,1,1,1,1,1,1,1,1,1,1,2,1,1,1,1,3,1,1,1,1,N/A,N/A,N/A,N/A,N/A,N/A,N/A,3,N/A,N/A,N/A,1,3,3,3,3,3,3,1,N/A,1,4,2,1,3,1,1,N/A,N/A,N/A,N/A,N/A,N/A,N/A,N/A,N/A,N/A,N/A,N/A,N/A
Nansen,1,1,3,1,1,2,1,1,3,1,N/A,N/A,1,1,N/A,1,N/A,N/A,1,N/A,N/A,N/A,1,3,1,2,1,2,3,1,1,1,1,N/A,1,1,2,N/A,N/A,1,1,N/A,3,1,1,1,1,1,1,1,1,2,2,2,1,1,1,1,1,1,1,1,N/A,1,3,1,3,1,1,1,N/A,1,1,1,1,1,1,1,3,1,2,2,1,2,3,1,N/A,1,N/A,N/A,N/A,1,N/A,1,1,2,2,1,1,1,2,3,1,3,3,3,1,1,1,4,2,1,3,1,1,1,2,1,1,1,1,N/A,1,1,N/A,1,1,1
Informal Systems,1,1,3,1,1,4,1,1,1,1,1,1,1,1,1,1,1,1,1,N/A,N/A,N/A,1,3,1,1,1,1,3,1,1,N/A,1,1,1,1,3,1,1,3,1,1,3,1,N/A,3,1,1,1,1,1,1,2,2,1,1,1,3,1,1,1,1,1,1,3,1,3,1,1,1,1,1,1,1,3,1,1,1,4,1,2,1,1,1,2,1,1,1,3,1,3,1,3,1,1,3,3,1,1,1,4,4,1,4,4,3,1,3,1,1,1,3,1,N/A,N/A,N/A,1,1,1,N/A,N/A,N/A,1,N/A,N/A,N/A,N/A,N/A
vido.info,1,1,1,1,1,1,1,1,1,1,1,1,1,1,1,1,1,N/A,1,N/A,2,2,N/A,N/A,N/A,N/A,N/A,N/A,N/A,1,1,1,1,1,4,3,1,1,1,1,1,1,3,1,1,2,1,3,1,1,1,2,1,3,1,1,1,1,1,1,1,1,1,1,3,1,3,1,1,1,2,1,1,1,1,1,2,1,2,1,3,1,1,2,1,1,1,1,2,1,3,1,1,1,2,3,1,1,1,N/A,N/A,3,4,3,3,3,1,3,N/A,N/A,1,1,2,1,1,1,1,1,1,1,1,N/A,N/A,1,N/A,1,1,1
Leap Wallet,1,1,3,1,1,2,1,1,1,1,N/A,N/A,1,1,1,1,1,1,N/A,1,2,2,1,3,N/A,1,1,1,3,N/A,1,1,1,1,1,1,1,1,1,3,1,1,3,1,1,1,N/A,N/A,N/A,N/A,N/A,N/A,N/A,N/A,N/A,N/A,N/A,N/A,N/A,N/A,N/A,N/A,N/A,N/A,N/A,N/A,N/A,N/A,N/A,N/A,N/A,N/A,N/A,N/A,N/A,N/A,N/A,N/A,N/A,N/A,N/A,N/A,N/A,N/A,N/A,N/A,N/A,N/A,N/A,N/A,N/A,N/A,N/A,N/A,N/A,N/A,N/A,N/A,N/A,N/A,N/A,N/A,N/A,N/A,N/A,N/A,N/A,N/A,N/A,N/A,N/A,N/A,N/A,N/A,N/A,N/A,N/A,N/A,N/A,N/A,N/A,N/A,N/A,N/A,N/A,N/A,N/A,N/A
ECO Stake,1,1,2,1,1,4,1,1,1,1,1,1,1,1,1,1,1,1,1,N/A,1,2,1,3,1,1,N/A,N/A,N/A,1,1,1,1,1,1,1,1,1,1,2,1,2,3,1,1,2,1,2,1,1,1,1,1,1,1,1,1,1,1,1,1,1,1,1,3,1,1,1,1,1,1,1,1,1,1,1,1,1,3,1,2,1,1,1,1,1,3,1,N/A,N/A,N/A,N/A,N/A,N/A,N/A,N/A,N/A,N/A,N/A,N/A,N/A,N/A,N/A,N/A,N/A,N/A,N/A,N/A,N/A,N/A,N/A,N/A,N/A,N/A,N/A,N/A,N/A,N/A,N/A,N/A,N/A,N/A,N/A,N/A,N/A,N/A,N/A,N/A
ZKV,1,1,3,1,1,2,1,1,1,1,1,1,1,1,1,1,N/A,1,1,1,2,2,1,2,1,2,1,2,3,1,1,1,2,2,2,2,2,1,1,2,1,1,3,1,1,2,2,1,1,1,1,2,1,2,1,2,1,N/A,1,1,1,1,1,1,2,1,3,1,1,1,1,1,1,1,1,1,1,1,2,1,2,2,1,2,1,1,1,1,2,1,2,1,1,2,1,2,2,1,1,1,2,2,1,2,2,2,1,1,1,4,1,1,3,1,1,1,1,1,1,1,2,2,1,N/A,N/A,N/A,N/A,N/A
BigBrainStaking,1,1,3,N/A,N/A,N/A,N/A,1,2,1,1,1,N/A,N/A,N/A,N/A,2,1,1,N/A,N/A,N/A,N/A,2,1,2,N/A,2,3,1,1,1,N/A,1,1,1,1,1,1,3,1,1,3,1,1,2,1,N/A,N/A,N/A,N/A,N/A,N/A,N/A,N/A,N/A,N/A,N/A,N/A,N/A,N/A,N/A,N/A,N/A,N/A,N/A,N/A,N/A,N/A,N/A,N/A,N/A,N/A,N/A,N/A,N/A,N/A,N/A,N/A,N/A,N/A,N/A,N/A,N/A,N/A,N/A,N/A,N/A,N/A,N/A,N/A,N/A,N/A,N/A,N/A,N/A,N/A,N/A,N/A,N/A,N/A,N/A,N/A,N/A,N/A,N/A,N/A,N/A,N/A,N/A,N/A,N/A,N/A,N/A,N/A,N/A,N/A,N/A,N/A,N/A,N/A,N/A,N/A,N/A,N/A,N/A,N/A,N/A
w3coins,1,1,2,1,3,2,1,1,3,1,1,3,1,1,1,1,1,1,1,1,1,2,1,1,N/A,1,N/A,N/A,N/A,1,1,1,1,1,1,1,1,1,1,3,1,1,3,1,1,2,2,1,1,1,1,1,2,1,1,1,1,1,1,1,1,1,1,1,2,1,1,1,1,1,1,1,1,1,1,1,1,1,3,1,1,1,N/A,N/A,N/A,N/A,N/A,N/A,N/A,N/A,N/A,N/A,N/A,N/A,N/A,N/A,N/A,N/A,N/A,N/A,N/A,N/A,N/A,N/A,N/A,N/A,N/A,N/A,N/A,N/A,N/A,N/A,N/A,N/A,N/A,N/A,N/A,N/A,N/A,N/A,N/A,N/A,N/A,N/A,N/A,N/A,N/A,N/A
ShapeShift DAO,1,1,3,N/A,N/A,N/A,1,1,3,1,1,1,1,1,1,N/A,N/A,1,1,1,N/A,N/A,2,3,1,1,1,2,N/A,1,1,1,1,1,1,3,1,1,N/A,3,1,N/A,3,1,1,N/A,1,3,1,1,1,1,2,3,1,1,1,3,1,1,1,1,1,1,3,1,1,1,1,1,1,1,2,1,1,1,2,1,2,1,1,1,1,3,3,1,1,1,2,N/A,3,1,1,1,2,2,3,1,1,2,N/A,3,4,N/A,2,3,1,1,1,4,1,1,N/A,N/A,1,1,1,1,2,N/A,N/A,N/A,N/A,N/A,N/A,N/A,N/A,1
TerraBitcoin Club,1,1,3,1,1,2,1,3,1,1,1,1,1,1,1,1,1,1,1,1,2,2,1,2,1,1,1,1,3,1,1,1,1,1,1,1,1,1,1,2,1,1,4,1,1,3,1,1,1,1,1,1,1,2,1,1,1,1,1,1,1,1,1,1,3,1,1,1,1,1,1,1,1,1,1,1,1,1,3,1,2,1,1,2,1,1,1,1,3,1,3,1,1,1,1,1,2,1,1,1,2,3,1,3,3,3,1,N/A,N/A,N/A,N/A,N/A,3,N/A,N/A,1,1,1,1,2,1,N/A,N/A,N/A,N/A,N/A,N/A,N/A
Trust Nodes,1,2,2,2,2,2,2,2,2,1,2,2,2,1,2,2,2,2,1,1,2,2,2,2,1,2,1,N/A,N/A,N/A,1,1,2,1,1,2,1,1,2,2,N/A,2,3,1,1,2,2,2,2,2,2,2,2,2,1,2,2,1,2,1,1,N/A,N/A,N/A,N/A,N/A,N/A,N/A,N/A,N/A,N/A,N/A,N/A,N/A,N/A,N/A,N/A,N/A,N/A,N/A,N/A,N/A,N/A,N/A,N/A,N/A,N/A,N/A,N/A,N/A,N/A,N/A,N/A,N/A,N/A,N/A,N/A,N/A,N/A,N/A,N/A,N/A,N/A,N/A,N/A,N/A,N/A,N/A,N/A,N/A,N/A,N/A,N/A,N/A,N/A,N/A,N/A,N/A,N/A,N/A,N/A,N/A,N/A,N/A,N/A,N/A,N/A,N/A
CryptoCrew Vali...,1,1,3,2,2,3,1,1,2,1,1,2,1,1,1,2,1,2,1,1,2,2,2,2,1,2,1,N/A,N/A,1,1,1,1,1,2,2,2,1,2,3,1,2,2,3,1,2,2,2,1,1,1,1,2,2,1,1,1,1,2,1,1,1,1,1,1,2,3,1,1,1,1,1,2,1,1,1,1,1,3,1,1,1,1,3,3,1,1,1,3,1,3,1,3,3,1,3,3,1,1,1,N/A,3,1,3,3,3,1,N/A,1,4,3,N/A,3,1,1,N/A,N/A,1,1,1,N/A,2,1,N/A,N/A,1,N/A,N/A
stake.systems,1,1,1,1,1,2,1,1,2,1,N/A,N/A,N/A,N/A,N/A,N/A,N/A,N/A,1,1,2,2,N/A,N/A,N/A,1,N/A,3,3,1,1,1,1,1,1,3,1,1,1,3,1,1,4,1,1,1,1,1,1,1,1,2,3,1,1,1,1,1,1,1,1,1,1,1,3,1,3,1,1,1,1,N/A,N/A,1,1,1,N/A,N/A,N/A,N/A,1,1,1,3,1,1,1,1,2,1,2,1,1,1,1,3,1,1,1,1,1,3,1,3,2,4,1,1,2,4,2,1,3,1,1,1,1,1,1,3,1,1,1,1,N/A,1,1,2
a41,1,1,3,1,2,1,1,1,1,1,1,1,1,1,1,1,1,1,1,1,N/A,N/A,1,N/A,1,1,N/A,N/A,N/A,1,1,1,1,1,1,1,1,1,1,1,1,1,3,1,1,3,1,2,1,1,1,1,2,1,1,1,1,1,1,1,1,1,1,1,3,1,3,1,1,1,1,1,1,1,1,1,1,1,3,1,1,1,1,3,3,1,1,1,3,1,3,1,3,1,1,3,3,1,1,1,3,3,3,3,3,2,1,N/A,N/A,N/A,N/A,N/A,N/A,N/A,N/A,N/A,N/A,N/A,N/A,N/A,N/A,N/A,N/A,N/A,N/A,N/A,N/A,N/A
cosmostation,1,1,3,1,1,1,1,1,1,1,1,1,1,1,1,1,1,1,1,1,1,1,1,3,1,1,1,3,3,1,1,1,1,1,1,3,1,1,1,2,1,2,3,1,1,2,1,3,1,1,1,1,3,2,1,1,1,3,3,1,1,1,1,1,3,1,3,1,1,1,1,1,1,1,2,1,1,1,3,1,2,1,1,2,2,1,1,1,2,1,2,1,2,1,2,2,2,1,2,1,2,3,4,3,3,2,1,3,1,3,1,1,3,1,1,1,1,1,1,2,1,2,1,1,N/A,1,N/A,N/A
nylira.net,1,N/A,N/A,N/A,N/A,N/A,N/A,1,3,1,N/A,N/A,N/A,N/A,N/A,N/A,N/A,N/A,N/A,1,N/A,N/A,N/A,N/A,N/A,N/A,N/A,N/A,4,1,N/A,N/A,N/A,1,1,3,N/A,N/A,N/A,N/A,N/A,N/A,N/A,N/A,1,3,1,3,1,1,1,1,N/A,N/A,1,1,1,N/A,N/A,N/A,N/A,1,1,1,3,1,4,1,1,1,1,1,1,1,1,1,2,1,3,1,N/A,1,1,2,1,1,1,1,N/A,N/A,N/A,1,1,1,N/A,N/A,N/A,N/A,N/A,N/A,N/A,2,1,3,1,N/A,N/A,N/A,N/A,N/A,N/A,N/A,4,N/A,N/A,N/A,1,1,N/A,N/A,N/A,N/A,N/A,1,N/A,N/A,N/A,3
Kiln,1,1,2,1,2,2,1,1,2,1,1,2,1,1,1,1,2,2,1,1,2,2,1,1,1,2,1,N/A,N/A,1,1,1,1,1,1,2,1,1,2,3,1,2,4,1,1,2,2,2,1,1,1,2,2,2,1,2,1,1,1,1,1,1,1,1,3,1,3,1,1,1,1,1,1,1,1,1,2,1,4,1,2,2,1,N/A,N/A,N/A,N/A,N/A,N/A,N/A,N/A,1,2,N/A,N/A,N/A,N/A,N/A,N/A,N/A,N/A,N/A,N/A,N/A,N/A,N/A,N/A,N/A,N/A,N/A,N/A,N/A,N/A,N/A,N/A,N/A,N/A,N/A,N/A,N/A,N/A,N/A,N/A,N/A,N/A,N/A,N/A,N/A
Stakely.io,1,1,3,1,2,2,1,2,3,1,1,2,1,1,1,1,1,2,1,1,1,2,1,3,1,1,1,2,3,1,1,1,1,1,1,3,2,1,1,3,1,2,3,1,1,2,2,2,1,1,1,1,N/A,3,1,1,1,3,1,1,1,1,1,1,3,1,N/A,1,1,1,1,2,2,1,N/A,2,2,1,3,1,2,1,1,2,2,1,2,1,2,1,2,1,1,1,1,N/A,3,1,1,1,4,3,1,3,3,3,1,3,1,4,1,1,3,1,1,1,1,1,1,1,1,2,1,1,N/A,N/A,N/A,N/A
kjnodes.com,1,N/A,N/A,1,1,2,1,1,2,1,N/A,N/A,1,1,1,1,1,N/A,1,1,2,2,N/A,N/A,N/A,4,1,N/A,3,1,1,1,1,1,1,1,1,1,1,3,1,1,1,1,1,3,1,N/A,N/A,N/A,N/A,N/A,N/A,N/A,N/A,N/A,N/A,N/A,N/A,N/A,N/A,N/A,N/A,N/A,N/A,N/A,N/A,N/A,N/A,N/A,N/A,N/A,N/A,N/A,N/A,N/A,N/A,N/A,N/A,N/A,N/A,N/A,N/A,N/A,N/A,N/A,N/A,N/A,N/A,N/A,N/A,N/A,N/A,N/A,N/A,N/A,N/A,N/A,N/A,N/A,N/A,N/A,N/A,N/A,N/A,N/A,N/A,N/A,N/A,N/A,N/A,N/A,N/A,N/A,N/A,N/A,N/A,N/A,N/A,N/A,N/A,N/A,N/A,N/A,N/A,N/A,N/A,N/A
Ztake.org,1,1,3,N/A,1,1,1,1,3,1,1,1,1,1,1,1,1,1,1,1,1,3,1,3,1,1,1,2,3,1,1,1,1,1,1,3,1,1,1,3,1,2,4,1,1,3,1,1,1,1,1,3,1,1,1,3,1,1,1,1,1,1,1,1,1,1,3,1,1,1,1,1,1,N/A,N/A,1,1,1,2,1,1,1,1,1,3,1,1,N/A,3,N/A,N/A,1,1,1,4,N/A,1,1,3,1,3,3,1,3,2,N/A,N/A,N/A,N/A,3,N/A,N/A,N/A,N/A,N/A,N/A,1,1,N/A,N/A,N/A,N/A,1,N/A,N/A,1,N/A,N/A
CEX.IO Validator,1,1,2,1,2,2,1,1,3,1,1,1,1,1,1,2,1,N/A,N/A,1,N/A,N/A,N/A,1,1,1,N/A,N/A,N/A,N/A,N/A,N/A,N/A,N/A,N/A,N/A,N/A,N/A,N/A,N/A,N/A,N/A,N/A,N/A,N/A,N/A,N/A,N/A,N/A,N/A,N/A,N/A,N/A,N/A,N/A,1,1,3,1,N/A,N/A,N/A,1,1,3,1,3,1,1,1,N/A,N/A,N/A,N/A,N/A,1,1,N/A,1,1,1,1,N/A,3,1,1,N/A,N/A,1,N/A,3,1,1,1,3,3,3,1,1,1,2,3,1,3,3,3,1,1,1,2,N/A,1,N/A,N/A,N/A,N/A,N/A,N/A,N/A,N/A,N/A,N/A,N/A,N/A,N/A,N/A,N/A,N/A
BlueStake,1,1,3,1,1,4,1,1,1,N/A,1,1,1,1,1,4,1,1,N/A,N/A,N/A,N/A,N/A,N/A,N/A,N/A,N/A,N/A,N/A,N/A,N/A,N/A,N/A,N/A,N/A,N/A,N/A,N/A,N/A,N/A,N/A,N/A,N/A,N/A,N/A,N/A,N/A,N/A,N/A,N/A,N/A,N/A,N/A,N/A,N/A,N/A,N/A,N/A,N/A,N/A,N/A,N/A,N/A,N/A,N/A,N/A,N/A,N/A,N/A,N/A,N/A,N/A,N/A,N/A,N/A,N/A,N/A,N/A,N/A,N/A,N/A,N/A,N/A,N/A,N/A,N/A,N/A,N/A,N/A,N/A,N/A,N/A,N/A,N/A,N/A,N/A,N/A,N/A,N/A,N/A,N/A,N/A,N/A,N/A,N/A,N/A,N/A,N/A,N/A,N/A,N/A,N/A,N/A,N/A,N/A,N/A,1,N/A,N/A,N/A,N/A,2,1,N/A,N/A,N/A,N/A,N/A
Vitwit (Previously...),1,2,3,1,1,2,1,1,2,1,1,1,1,1,1,1,1,1,1,1,N/A,2,1,N/A,1,N/A,1,N/A,N/A,1,1,1,1,1,N/A,1,1,1,1,3,1,2,3,1,1,1,1,1,1,1,1,1,2,1,1,1,1,N/A,1,1,1,1,1,1,3,1,3,2,1,1,1,1,2,1,3,1,1,1,3,1,1,2,1,3,2,1,2,2,2,N/A,3,1,1,1,1,3,3,3,3,1,4,3,2,1,3,3,1,1,1,4,1,1,2,1,1,1,3,1,1,1,1,1,1,1,N/A,1,1,N/A
Blocks United,1,1,3,1,3,1,1,1,3,1,1,1,1,1,1,1,N/A,1,1,1,N/A,N/A,1,N/A,1,1,1,1,N/A,1,1,N/A,1,N/A,1,1,1,1,N/A,1,1,1,3,1,1,N/A,1,1,1,1,1,1,1,N/A,1,1,1,1,1,1,1,1,1,1,3,1,3,1,1,1,N/A,1,1,1,1,1,1,1,3,1,1,1,1,3,1,1,1,1,N/A,N/A,N/A,N/A,N/A,1,1,N/A,3,1,1,N/A,N/A,3,1,3,3,3,1,N/A,1,3,3,1,1,3,1,1,1,1,1,1,1,N/A,N/A,N/A,N/A,N/A,N/A,N/A
Everstake,1,1,3,1,1,2,1,1,1,1,1,1,1,1,1,1,1,1,1,1,2,2,1,3,1,1,1,1,3,N/A,1,1,1,1,1,3,1,1,1,3,1,1,3,1,1,1,1,2,1,1,2,1,1,2,1,1,1,3,1,1,1,1,1,1,3,1,3,1,1,1,1,1,1,1,1,1,1,2,2,2,2,1,1,2,1,1,2,1,1,1,2,1,1,1,1,2,2,1,1,1,3,3,1,3,3,3,1,3,4,4,1,N/A,N/A,1,1,N/A,N/A,1,N/A,N/A,N/A,N/A,1,1,N/A,N/A,N/A,N/A
Simply Staking,1,1,3,1,2,1,N/A,1,3,1,1,1,1,1,N/A,1,1,2,1,N/A,N/A,2,1,3,1,1,1,1,3,N/A,1,1,1,1,N/A,3,1,1,1,3,1,1,3,1,4,1,1,2,1,1,1,1,3,1,1,1,1,3,1,1,1,1,1,1,3,1,3,1,1,1,1,1,1,1,2,1,1,1,4,1,N/A,1,1,3,3,1,1,1,3,1,3,1,1,1,1,3,3,1,1,1,3,3,1,3,3,3,1,1,1,4,1,1,3,N/A,1,1,1,1,1,1,1,N/A,1,1,N/A,1,1,3
PRO Delegators,1,1,1,1,2,3,1,1,3,1,1,1,1,1,1,1,1,1,1,1,2,2,1,1,1,1,N/A,N/A,4,1,1,1,1,1,1,3,2,1,1,3,1,3,3,1,1,3,1,2,1,1,1,1,2,3,1,1,1,3,1,1,1,1,1,1,3,1,3,1,1,1,1,2,2,2,2,2,2,2,2,2,2,2,2,2,1,1,N/A,N/A,N/A,N/A,N/A,N/A,N/A,N/A,N/A,N/A,N/A,N/A,N/A,N/A,N/A,N/A,N/A,N/A,N/A,N/A,N/A,N/A,N/A,N/A,N/A,N/A,N/A,N/A,N/A,N/A,N/A,N/A,N/A,N/A,N/A,N/A,N/A,N/A,N/A,N/A,N/A,N/A
biglazycat.com,1,1,3,1,3,3,N/A,N/A,N/A,N/A,N/A,N/A,N/A,N/A,N/A,N/A,N/A,N/A,N/A,N/A,N/A,N/A,N/A,N/A,N/A,N/A,N/A,N/A,N/A,N/A,N/A,N/A,N/A,N/A,N/A,N/A,N/A,N/A,N/A,N/A,N/A,N/A,N/A,N/A,N/A,N/A,N/A,N/A,N/A,N/A,N/A,N/A,N/A,N/A,N/A,N/A,N/A,N/A,N/A,N/A,N/A,N/A,N/A,N/A,N/A,N/A,N/A,N/A,N/A,N/A,N/A,N/A,N/A,N/A,N/A,N/A,N/A,N/A,N/A,N/A,N/A,N/A,N/A,N/A,N/A,N/A,N/A,N/A,N/A,N/A,N/A,N/A,N/A,N/A,N/A,N/A,N/A,N/A,N/A,N/A,N/A,N/A,N/A,N/A,N/A,N/A,N/A,N/A,N/A,N/A,N/A,N/A,N/A,N/A,N/A,N/A,N/A,N/A,N/A,N/A,N/A,N/A,N/A,N/A,N/A,N/A,N/A,N/A
decentralizehk,1,1,1,1,1,1,1,1,3,1,1,1,1,1,1,1,1,N/A,N/A,1,1,1,1,1,1,1,N/A,N/A,N/A,1,1,1,1,1,1,3,1,N/A,1,3,1,3,3,1,1,3,1,1,1,1,2,2,2,2,1,1,1,1,1,1,1,1,1,1,3,1,3,1,1,1,1,1,2,1,1,1,1,1,3,1,2,1,1,3,2,1,3,1,2,1,3,1,1,1,1,N/A,3,1,3,1,1,2,4,3,2,1,1,2,1,3,N/A,N/A,3,1,1,1,1,1,1,1,1,1,1,1,1,1,N/A,N/A
Vortex.live,1,1,2,1,2,2,2,1,2,1,1,1,1,1,1,2,1,1,1,1,1,2,1,3,1,2,N/A,N/A,N/A,1,1,1,N/A,1,1,1,1,1,1,2,1,2,3,1,1,2,2,1,1,1,1,1,3,1,1,1,1,3,1,1,1,1,1,1,3,1,3,1,1,1,1,1,2,1,1,N/A,N/A,N/A,N/A,N/A,2,2,1,N/A,N/A,1,2,1,2,1,3,1,1,N/A,N/A,N/A,2,1,1,1,2,3,1,3,3,N/A,1,1,1,4,1,1,1,1,1,1,N/A,N/A,N/A,2,1,1,1,1,N/A,1,1,3
Stake&Relax,1,1,3,1,1,3,1,1,3,1,N/A,N/A,1,N/A,N/A,2,3,1,1,1,2,2,1,3,N/A,1,N/A,N/A,N/A,1,1,1,1,1,1,2,1,1,1,3,1,1,4,1,1,1,2,1,1,1,1,1,3,1,1,1,1,N/A,1,1,1,1,1,1,3,1,3,1,1,1,N/A,N/A,N/A,N/A,N/A,N/A,N/A,N/A,N/A,N/A,N/A,N/A,N/A,N/A,N/A,N/A,N/A,N/A,N/A,N/A,N/A,N/A,N/A,N/A,N/A,N/A,N/A,N/A,N/A,N/A,N/A,N/A,N/A,N/A,N/A,N/A,N/A,N/A,N/A,N/A,N/A,N/A,N/A,N/A,N/A,N/A,N/A,N/A,N/A,N/A,N/A,N/A,N/A,N/A,N/A,N/A,N/A,N/A
Meria,1,1,1,1,1,1,1,1,2,1,1,1,1,1,2,2,1,1,1,1,2,2,N/A,N/A,1,1,1,2,3,1,N/A,1,1,1,1,2,1,1,1,1,1,1,3,1,1,2,1,1,1,1,1,1,3,1,1,1,1,1,1,1,1,1,1,1,2,1,3,1,1,1,1,1,1,1,1,1,3,3,3,1,2,1,4,N/A,N/A,N/A,N/A,N/A,N/A,N/A,N/A,N/A,N/A,N/A,N/A,N/A,N/A,N/A,N/A,N/A,N/A,N/A,N/A,N/A,N/A,N/A,N/A,N/A,N/A,N/A,N/A,N/A,N/A,N/A,N/A,N/A,N/A,N/A,N/A,N/A,N/A,N/A,N/A,N/A,N/A,N/A,N/A,N/A
Ubik Capital,1,2,3,2,1,1,1,1,3,N/A,1,1,1,1,1,1,1,1,1,1,2,2,1,1,1,N/A,1,N/A,3,1,2,4,2,2,2,3,2,2,1,1,1,2,2,2,1,3,1,2,2,2,2,3,1,1,2,2,2,3,2,2,2,1,1,1,3,1,1,1,1,1,3,1,1,1,1,1,2,1,3,1,2,2,1,3,3,2,3,1,2,2,3,2,2,2,2,2,2,2,1,2,4,3,3,2,2,2,1,2,2,2,N/A,1,2,1,1,1,1,1,1,1,1,1,1,1,1,1,1,N/A
CroutonDigital,1,4,4,4,2,4,1,1,1,1,1,1,1,1,1,1,1,2,1,1,4,4,1,1,1,1,1,N/A,N/A,N/A,N/A,N/A,N/A,N/A,N/A,N/A,N/A,N/A,N/A,N/A,N/A,N/A,N/A,N/A,N/A,N/A,N/A,N/A,N/A,N/A,N/A,N/A,N/A,N/A,N/A,N/A,N/A,N/A,N/A,N/A,N/A,N/A,N/A,N/A,N/A,N/A,N/A,N/A,N/A,N/A,N/A,N/A,N/A,N/A,N/A,N/A,N/A,N/A,N/A,N/A,N/A,N/A,N/A,N/A,N/A,N/A,N/A,N/A,N/A,N/A,N/A,N/A,N/A,N/A,N/A,N/A,N/A,N/A,N/A,N/A,N/A,N/A,N/A,N/A,N/A,N/A,N/A,N/A,N/A,N/A,N/A,N/A,N/A,N/A,N/A,N/A,N/A,N/A,N/A,N/A,N/A,N/A,N/A,N/A,N/A,N/A,N/A,N/A
blockscape,1,1,2,1,1,2,1,1,2,1,1,1,1,1,1,1,3,1,1,1,3,3,1,3,1,1,1,1,3,1,1,1,1,1,1,3,1,1,1,3,1,1,3,1,1,1,1,1,1,1,1,1,1,1,1,1,1,3,1,1,1,1,1,1,3,1,3,1,1,1,N/A,1,1,1,1,1,2,1,2,1,1,1,1,2,1,1,1,1,N/A,1,2,1,1,1,1,1,2,2,3,1,2,2,2,3,3,3,1,1,1,3,1,1,1,1,1,1,1,1,2,2,1,2,1,N/A,N/A,N/A,1,1
Amplifier,1,1,3,1,1,1,1,1,1,1,1,1,N/A,1,1,1,1,1,1,1,1,1,3,3,1,1,1,1,4,1,1,1,1,N/A,N/A,N/A,4,4,1,1,1,1,3,1,1,1,1,1,1,1,1,1,3,1,1,1,1,1,1,1,N/A,1,N/A,N/A,N/A,N/A,N/A,N/A,N/A,N/A,N/A,N/A,N/A,N/A,N/A,N/A,N/A,N/A,N/A,N/A,N/A,N/A,N/A,N/A,N/A,N/A,N/A,N/A,N/A,N/A,N/A,N/A,N/A,N/A,N/A,N/A,N/A,N/A,N/A,N/A,N/A,N/A,N/A,N/A,N/A,N/A,N/A,N/A,N/A,N/A,N/A,N/A,N/A,N/A,N/A,N/A,N/A,N/A,N/A,N/A,N/A,N/A,N/A,N/A,N/A,N/A,N/A,N/A
Citadel.one,1,1,3,1,2,1,1,1,2,1,1,1,1,1,1,2,1,1,1,1,2,2,1,1,1,1,1,2,N/A,1,1,1,1,1,1,3,2,N/A,N/A,2,1,1,3,1,1,2,1,3,1,1,1,2,2,2,N/A,1,1,1,1,1,1,1,N/A,2,2,3,2,1,1,1,1,1,2,1,2,1,N/A,1,3,1,2,3,1,3,1,1,N/A,N/A,2,1,2,1,2,1,N/A,3,1,1,1,1,N/A,3,1,4,3,N/A,1,3,N/A,4,3,1,3,1,1,1,1,1,1,2,1,1,1,1,N/A,1,1,1
Kahuna,1,2,2,1,2,2,1,1,2,1,1,1,1,1,1,1,1,1,1,1,2,2,1,2,1,N/A,1,1,3,1,N/A,N/A,N/A,N/A,N/A,N/A,N/A,N/A,N/A,N/A,N/A,N/A,N/A,N/A,N/A,N/A,N/A,N/A,N/A,N/A,N/A,N/A,N/A,N/A,N/A,N/A,N/A,N/A,N/A,N/A,N/A,N/A,N/A,N/A,N/A,N/A,N/A,N/A,N/A,N/A,N/A,N/A,N/A,N/A,N/A,N/A,N/A,N/A,N/A,N/A,N/A,N/A,N/A,N/A,N/A,N/A,N/A,N/A,N/A,N/A,N/A,N/A,N/A,N/A,N/A,N/A,N/A,N/A,N/A,N/A,N/A,N/A,N/A,N/A,N/A,N/A,N/A,N/A,N/A,N/A,N/A,N/A,N/A,N/A,N/A,N/A,N/A,N/A,N/A,N/A,N/A,N/A,N/A,N/A,N/A,N/A,N/A,N/A
Keplr,1,1,3,1,1,3,1,1,3,1,1,1,1,1,1,1,1,1,1,1,2,2,1,1,1,1,N/A,N/A,N/A,1,1,1,1,1,1,3,1,1,1,3,1,1,4,1,1,N/A,N/A,1,1,1,1,1,1,1,1,1,1,3,3,1,1,1,1,1,1,1,1,1,1,1,1,1,1,1,1,1,1,1,3,1,2,1,1,2,1,1,1,1,3,1,3,1,1,3,3,N/A,N/A,1,N/A,N/A,N/A,N/A,4,N/A,N/A,N/A,N/A,N/A,N/A,N/A,1,N/A,N/A,1,1,N/A,1,1,1,N/A,N/A,N/A,N/A,N/A,N/A,N/A,N/A,N/A
Binary Builders,1,1,N/A,N/A,1,N/A,1,1,2,1,1,1,1,1,1,N/A,1,N/A,N/A,1,2,2,1,3,N/A,1,1,1,3,N/A,1,1,1,1,1,2,1,1,N/A,N/A,1,1,3,N/A,1,3,1,1,1,1,1,N/A,1,1,1,1,1,3,1,1,1,1,1,1,3,1,3,1,1,1,1,1,1,1,1,N/A,2,1,3,1,2,1,N/A,2,3,1,2,1,2,1,3,1,2,3,N/A,3,N/A,1,1,N/A,N/A,3,1,3,3,3,1,3,1,N/A,1,1,1,1,1,1,N/A,1,1,N/A,N/A,N/A,N/A,N/A,N/A,N/A,N/A,N/A
Forbole,1,N/A,N/A,N/A,1,1,N/A,N/A,N/A,N/A,N/A,N/A,N/A,N/A,N/A,N/A,N/A,N/A,1,N/A,2,2,N/A,N/A,1,2,1,3,3,1,N/A,1,1,1,1,3,1,1,1,3,1,1,3,2,1,N/A,1,3,1,1,1,1,N/A,N/A,1,1,1,3,1,1,1,1,N/A,N/A,N/A,N/A,3,1,1,1,1,1,1,1,1,1,2,1,3,1,N/A,2,2,2,3,1,2,1,2,1,3,1,1,1,1,2,2,1,1,1,3,2,2,2,3,N/A,N/A,3,1,2,N/A,1,3,1,1,1,1,1,1,2,1,N/A,1,N/A,N/A,1,1,N/A
Umbrella,1,1,1,2,1,2,1,1,1,1,2,1,1,1,1,1,1,1,1,1,2,2,1,2,1,1,1,3,3,2,1,1,1,N/A,2,N/A,N/A,N/A,N/A,1,1,1,3,N/A,N/A,N/A,N/A,3,1,1,1,1,3,1,1,1,1,2,3,1,1,1,1,1,2,1,3,1,1,1,1,1,1,1,1,N/A,N/A,N/A,N/A,N/A,N/A,1,N/A,1,1,1,1,1,2,1,2,1,1,1,1,N/A,2,1,3,1,N/A,2,2,3,1,2,1,1,1,2,N/A,1,4,1,1,1,1,1,1,1,N/A,N/A,1,1,N/A,N/A,N/A,2
Frens,1,1,2,1,2,4,1,1,2,1,1,2,1,1,1,1,1,1,1,1,2,2,1,1,1,1,1,1,2,1,1,1,1,1,1,1,1,1,1,3,1,1,4,1,1,1,2,1,1,1,1,1,1,3,1,1,1,1,1,1,1,1,1,1,3,1,3,1,1,1,1,1,1,1,1,1,1,1,3,1,2,1,1,2,3,1,1,1,1,1,3,1,2,N/A,1,3,2,1,1,1,2,3,1,3,3,2,1,3,N/A,3,1,1,1,1,1,1,N/A,N/A,N/A,N/A,N/A,N/A,N/A,N/A,N/A,N/A,N/A,N/A
KalpaTech,1,1,3,2,1,1,N/A,N/A,N/A,N/A,N/A,N/A,N/A,1,1,1,N/A,N/A,N/A,1,2,2,N/A,N/A,N/A,N/A,1,3,3,1,N/A,N/A,1,1,N/A,N/A,2,1,1,1,1,1,3,1,1,1,N/A,3,N/A,N/A,N/A,1,3,1,1,2,1,1,1,N/A,N/A,N/A,N/A,N/A,N/A,N/A,1,1,1,1,1,1,2,1,N/A,1,2,1,3,1,N/A,N/A,N/A,1,1,1,1,1,2,N/A,N/A,N/A,2,N/A,N/A,N/A,1,1,1,1,N/A,3,4,3,N/A,N/A,1,N/A,1,3,1,1,3,1,1,1,1,1,1,1,1,1,1,1,N/A,1,1,3
node101,1,1,4,1,1,2,1,1,1,1,1,1,1,1,1,1,1,1,1,1,1,2,1,1,1,1,1,1,4,1,1,1,1,1,1,1,N/A,1,1,3,1,1,3,1,1,3,1,1,2,2,2,2,2,2,1,1,1,2,3,1,N/A,1,2,2,2,N/A,N/A,N/A,N/A,N/A,1,1,1,1,1,N/A,N/A,N/A,N/A,N/A,N/A,N/A,N/A,N/A,N/A,N/A,N/A,N/A,N/A,N/A,N/A,N/A,N/A,N/A,N/A,N/A,N/A,N/A,N/A,N/A,N/A,N/A,N/A,N/A,N/A,N/A,N/A,N/A,N/A,N/A,N/A,N/A,N/A,N/A,N/A,N/A,N/A,N/A,N/A,N/A,N/A,N/A,N/A,N/A,N/A,N/A,N/A,N/A
Silk Nodes,1,1,2,1,3,2,1,3,2,1,1,1,1,1,1,1,3,N/A,N/A,1,2,2,1,3,N/A,1,1,1,N/A,1,1,1,1,1,1,3,1,1,1,2,1,3,3,1,1,3,1,3,1,1,1,1,1,3,1,1,1,1,1,1,1,1,1,1,1,1,3,1,1,1,1,1,1,1,1,1,1,1,3,1,1,1,1,2,2,1,1,1,3,1,3,1,N/A,1,1,3,3,1,1,1,2,3,1,3,3,4,1,3,1,4,1,N/A,N/A,N/A,N/A,N/A,N/A,N/A,N/A,N/A,N/A,N/A,N/A,N/A,N/A,N/A,N/A,N/A
Swiss Staking,1,1,3,1,1,N/A,1,1,1,1,1,1,1,1,1,1,1,1,1,1,2,2,1,1,1,1,N/A,3,N/A,1,1,1,1,1,1,3,1,1,1,3,N/A,1,3,1,1,3,1,1,1,1,1,1,1,1,1,1,1,1,2,1,1,1,1,1,3,1,3,1,1,1,1,1,1,1,1,1,1,1,3,1,2,1,1,3,3,1,1,1,3,1,3,1,1,1,1,3,2,1,1,1,2,3,1,3,2,3,1,3,1,4,1,1,1,1,1,1,1,1,1,1,1,1,N/A,N/A,N/A,N/A,1,N/A
Obase.vc,1,1,3,1,2,2,1,N/A,1,1,1,1,1,1,1,1,1,1,1,1,1,2,1,3,1,1,1,2,3,N/A,1,1,1,1,1,3,1,1,1,3,1,1,3,1,1,2,1,2,1,1,1,1,2,2,1,1,1,3,1,1,1,1,1,1,3,1,3,1,1,1,1,1,1,1,1,1,1,1,2,1,2,1,1,2,1,1,2,1,2,1,3,1,1,1,3,2,2,1,1,1,3,3,1,3,2,2,1,3,1,4,2,1,1,1,1,1,2,1,1,1,1,1,1,1,1,1,1,1
TTT VN,1,1,3,1,1,3,1,1,1,1,1,1,1,1,1,1,1,1,1,1,1,N/A,1,N/A,1,1,1,1,N/A,N/A,1,1,1,1,1,3,1,1,1,3,2,1,3,1,1,1,1,1,1,1,1,1,2,1,1,1,1,1,1,1,1,1,1,1,3,1,3,1,1,1,1,1,1,1,1,1,1,1,1,1,1,1,1,N/A,1,1,1,1,1,1,3,1,1,1,1,3,3,1,1,1,2,1,1,4,3,2,1,3,1,4,N/A,1,1,1,1,1,N/A,N/A,N/A,N/A,N/A,N/A,N/A,N/A,N/A,N/A,N/A,N/A
Allnodes,1,1,3,1,1,2,1,1,3,1,1,1,1,1,1,1,1,1,1,1,1,2,1,3,1,3,1,3,N/A,1,1,1,1,1,1,3,2,1,1,3,1,1,3,1,1,1,1,3,1,1,1,1,3,3,1,3,1,2,3,1,1,1,1,1,3,1,3,1,1,1,1,1,1,1,1,1,1,1,3,1,2,1,1,2,2,1,N/A,1,N/A,N/A,N/A,1,1,1,1,3,3,1,1,1,3,3,2,3,3,2,1,3,1,4,2,1,2,2,2,2,2,2,2,2,2,N/A,N/A,N/A,N/A,N/A,N/A,N/A
Node Guardians,1,1,3,1,1,3,1,1,2,1,1,1,1,1,1,1,1,1,1,1,N/A,N/A,N/A,N/A,1,N/A,1,2,3,1,1,N/A,1,1,1,N/A,1,1,1,2,1,1,3,1,1,3,1,1,1,1,1,1,1,3,1,1,1,3,1,1,1,1,1,1,3,1,3,1,1,1,1,1,2,1,1,1,2,1,3,1,2,2,2,2,2,1,2,1,2,2,3,1,1,1,2,3,2,1,1,1,2,2,1,3,3,3,1,N/A,N/A,N/A,N/A,N/A,N/A,N/A,N/A,N/A,N/A,N/A,N/A,N/A,N/A,N/A,N/A,N/A,N/A,N/A,N/A,N/A
Smart Stake,1,1,3,2,2,3,1,3,2,1,1,2,1,1,1,1,3,1,1,1,2,2,2,2,1,2,N/A,N/A,N/A,1,1,N/A,1,1,1,3,1,1,1,3,1,1,3,1,1,1,2,1,1,1,1,1,2,3,1,1,1,3,1,1,2,1,1,1,3,2,3,1,1,1,1,1,1,1,1,1,1,1,3,1,1,1,1,2,2,1,1,1,3,1,3,1,1,2,1,3,1,1,1,1,2,3,1,3,3,2,1,1,2,4,2,1,2,1,2,2,1,1,1,2,1,2,N/A,N/A,N/A,N/A,N/A,N/A
GATA HUB,1,1,1,1,1,2,1,1,3,1,1,2,1,1,1,1,1,1,1,1,1,1,2,2,1,3,N/A,N/A,N/A,2,1,1,N/A,1,1,N/A,1,1,1,2,1,3,4,1,1,2,2,3,1,1,1,2,1,2,1,2,1,1,1,1,1,1,1,1,3,2,3,1,1,1,1,1,1,1,1,1,1,1,3,1,1,1,1,2,2,1,1,2,2,1,3,1,2,1,1,3,3,1,3,1,3,2,2,3,3,2,1,2,N/A,N/A,N/A,N/A,N/A,N/A,N/A,N/A,N/A,N/A,N/A,N/A,N/A,N/A,N/A,N/A,N/A,N/A,N/A,N/A
CryptoDungeon,1,1,2,1,2,3,1,1,3,1,1,1,1,1,1,1,3,1,1,1,1,2,1,1,1,1,1,1,3,1,1,N/A,1,1,1,1,1,1,1,2,1,1,3,1,1,3,1,1,1,1,1,1,3,1,1,1,1,1,1,1,1,1,1,1,3,1,1,1,1,1,N/A,N/A,N/A,N/A,N/A,N/A,N/A,N/A,N/A,N/A,N/A,N/A,N/A,N/A,N/A,N/A,N/A,N/A,N/A,N/A,N/A,N/A,N/A,N/A,N/A,N/A,N/A,N/A,N/A,N/A,N/A,N/A,N/A,N/A,N/A,N/A,N/A,N/A,N/A,N/A,N/A,N/A,N/A,N/A,N/A,N/A,N/A,N/A,N/A,N/A,N/A,N/A,N/A,N/A,N/A,N/A,N/A,N/A
Lavender.Five No...,1,1,2,1,1,2,N/A,N/A,1,N/A,N/A,N/A,1,1,1,1,1,1,1,1,1,1,1,1,1,1,N/A,N/A,N/A,1,1,1,1,1,1,3,1,1,1,3,1,3,3,1,1,1,1,3,1,1,1,1,1,3,1,1,1,3,1,1,1,1,1,1,1,1,1,1,1,1,1,1,1,1,1,1,1,1,1,1,1,1,1,2,1,1,3,1,3,1,3,1,3,1,3,3,1,1,1,1,N/A,3,1,3,2,N/A,N/A,1,N/A,N/A,1,1,3,1,1,1,1,1,1,1,1,N/A,N/A,N/A,N/A,N/A,N/A,N/A
Chill Validation,1,1,3,1,1,1,1,1,1,1,1,1,N/A,1,1,N/A,N/A,N/A,1,1,1,3,1,3,1,3,N/A,N/A,N/A,1,1,1,1,1,1,1,1,1,1,3,1,1,3,1,1,3,1,1,1,1,1,1,1,3,1,1,1,1,1,N/A,N/A,1,1,1,3,1,1,1,1,1,1,1,1,1,1,1,1,1,1,1,1,1,1,1,1,1,1,1,3,1,3,1,3,1,1,3,1,1,1,1,4,3,1,3,4,3,1,N/A,1,4,1,1,1,1,1,1,1,N/A,N/A,N/A,N/A,N/A,N/A,N/A,N/A,N/A,N/A,N/A
O1node,1,2,2,2,1,2,1,1,2,1,1,1,1,1,1,1,2,1,1,1,2,2,2,2,1,1,1,2,3,1,1,1,1,1,1,3,1,1,1,1,1,1,3,1,1,2,1,3,1,1,1,1,2,2,1,1,1,2,1,1,1,4,1,1,1,1,2,1,1,1,1,1,1,1,1,1,2,1,3,1,2,1,1,2,2,1,2,1,2,1,2,1,2,1,1,2,1,1,1,1,2,2,2,2,2,2,1,1,1,2,2,1,1,1,2,1,1,1,1,2,1,N/A,N/A,N/A,N/A,1,N/A,N/A
Oni | Stake fo...,1,1,4,1,3,2,1,1,3,N/A,1,N/A,1,1,1,1,3,1,1,1,1,2,1,1,1,1,1,N/A,N/A,1,1,1,1,1,1,3,1,1,1,3,1,1,3,1,1,N/A,N/A,1,1,1,1,1,1,1,1,3,1,3,1,1,1,1,1,1,1,1,3,1,1,1,1,1,1,N/A,1,1,1,1,1,1,1,1,1,3,1,1,1,1,N/A,1,3,1,1,1,1,3,3,1,1,1,4,4,1,4,4,4,1,1,1,4,3,N/A,N/A,N/A,N/A,N/A,N/A,N/A,N/A,N/A,N/A,N/A,N/A,N/A,N/A,N/A,N/A,N/A
Citizen Web3,1,1,3,1,1,3,1,1,2,1,1,1,1,1,1,1,1,2,1,1,2,2,2,3,1,1,1,N/A,N/A,1,1,1,1,1,1,3,2,1,1,1,1,2,3,1,1,2,2,2,1,1,2,1,3,3,1,2,1,1,3,1,1,1,2,1,2,1,1,1,1,1,1,1,2,1,1,1,2,1,3,1,2,N/A,1,1,1,1,1,1,3,1,3,1,N/A,1,1,1,1,1,3,1,2,2,1,2,3,4,1,3,1,2,3,N/A,3,1,1,1,1,1,1,2,1,2,1,1,1,1,1,3
in3s.com,1,1,3,1,3,3,1,1,1,1,1,3,1,1,1,1,1,1,1,1,1,3,1,3,1,1,1,1,4,1,1,1,1,1,1,1,3,1,1,1,1,1,3,1,1,1,3,1,1,1,1,1,1,3,1,1,1,1,1,1,1,1,1,1,1,1,3,1,1,1,1,1,1,1,1,1,4,1,4,1,1,3,1,1,3,1,1,1,N/A,N/A,N/A,1,3,1,1,3,3,3,3,1,2,3,4,1,1,N/A,1,1,1,4,1,1,3,1,N/A,1,1,1,1,1,1,N/A,1,1,N/A,N/A,1,N/A
Moonlet,1,1,2,1,2,2,1,1,2,1,1,1,1,1,1,1,1,1,1,1,2,2,1,1,1,1,N/A,N/A,N/A,N/A,N/A,N/A,N/A,N/A,N/A,N/A,N/A,N/A,N/A,N/A,1,1,3,1,1,2,1,N/A,1,1,1,2,1,N/A,N/A,N/A,N/A,N/A,N/A,1,N/A,1,1,1,N/A,1,3,1,1,1,N/A,N/A,N/A,1,1,1,2,1,2,1,1,1,1,1,1,1,1,1,N/A,1,N/A,1,N/A,1,1,N/A,2,1,N/A,N/A,N/A,N/A,N/A,N/A,3,N/A,N/A,N/A,N/A,N/A,N/A,N/A,N/A,N/A,N/A,N/A,N/A,N/A,N/A,N/A,N/A,N/A,N/A,N/A,N/A,N/A,N/A,N/A
cosmosrescue,1,1,3,1,2,2,1,3,3,1,1,2,1,1,1,1,3,1,1,1,1,1,2,3,1,3,1,N/A,N/A,1,1,1,1,1,1,3,1,1,1,3,1,1,3,1,1,3,1,2,1,1,1,2,2,2,1,1,1,3,1,1,1,N/A,N/A,N/A,N/A,N/A,N/A,N/A,N/A,N/A,N/A,N/A,N/A,N/A,N/A,N/A,N/A,N/A,N/A,N/A,N/A,N/A,N/A,N/A,N/A,N/A,N/A,N/A,N/A,N/A,N/A,N/A,N/A,N/A,N/A,N/A,N/A,N/A,N/A,N/A,N/A,N/A,N/A,N/A,N/A,N/A,N/A,N/A,N/A,N/A,N/A,N/A,N/A,N/A,N/A,N/A,N/A,N/A,N/A,N/A,N/A,N/A,N/A,N/A,N/A,N/A,N/A,N/A
Kintsugi Nodes,1,1,3,N/A,N/A,N/A,1,N/A,N/A,1,1,1,1,1,N/A,1,1,1,N/A,1,1,1,1,3,1,N/A,N/A,N/A,N/A,N/A,N/A,1,1,N/A,1,1,N/A,N/A,1,1,1,N/A,3,N/A,1,3,1,2,1,1,3,1,1,3,1,1,1,1,2,1,1,1,1,N/A,1,1,1,1,1,1,1,1,1,1,1,1,1,1,N/A,1,2,1,1,1,1,1,1,1,2,1,3,1,1,1,1,1,1,1,1,1,4,3,3,3,4,3,1,1,1,N/A,3,1,3,1,1,1,N/A,N/A,N/A,N/A,N/A,N/A,N/A,N/A,N/A,N/A,N/A,N/A
Stakin,1,1,2,1,2,2,1,1,2,1,1,2,1,1,1,2,1,2,1,1,3,1,2,2,1,1,N/A,N/A,N/A,1,1,1,1,1,3,3,1,1,1,3,1,1,3,1,1,1,1,3,1,1,1,1,2,3,1,1,1,3,1,1,1,1,1,1,3,1,3,1,1,1,1,1,1,1,1,1,1,1,3,1,2,1,1,2,3,1,1,1,1,1,1,1,1,1,1,3,3,1,3,1,3,3,1,3,4,3,1,2,1,3,1,1,1,1,1,1,2,1,1,1,1,2,1,1,N/A,1,1,N/A
NodeStake | Lotto...,1,1,2,1,1,4,1,1,2,1,1,1,1,1,1,1,1,1,1,1,1,2,1,2,1,1,1,1,3,1,1,1,1,1,1,1,1,1,1,2,1,1,3,1,1,3,1,1,1,1,1,1,2,1,1,1,1,1,1,1,1,1,1,1,3,1,1,1,1,1,1,1,1,1,1,1,1,1,2,1,1,1,1,N/A,N/A,1,3,1,3,N/A,3,1,1,1,1,N/A,N/A,N/A,1,N/A,3,3,1,3,2,3,1,3,1,3,1,1,3,1,1,1,1,1,1,1,1,N/A,N/A,N/A,N/A,N/A,N/A,N/A
HighStakes.ch,1,1,3,1,2,3,1,1,3,1,1,2,1,1,1,1,1,1,1,1,1,2,1,2,1,2,1,1,3,1,1,1,1,N/A,N/A,1,1,1,1,2,1,2,1,1,1,1,1,1,1,1,1,1,1,3,1,1,1,1,1,1,1,1,1,1,1,1,3,1,1,1,1,1,1,1,1,1,2,1,3,1,2,1,1,3,1,1,3,1,2,1,N/A,1,1,1,1,N/A,1,1,1,1,2,3,1,3,3,2,1,1,1,4,1,1,1,1,1,1,1,1,1,N/A,N/A,N/A,N/A,N/A,N/A,1,N/A,N/A
Interstellar Loun...,1,1,4,1,1,2,1,1,1,1,1,1,1,1,1,1,1,1,1,1,1,2,1,1,1,1,1,1,4,1,1,N/A,1,1,1,1,1,1,1,2,1,1,3,1,1,1,1,1,1,1,1,1,1,3,1,1,N/A,3,1,1,1,N/A,1,1,2,1,3,1,1,1,N/A,N/A,N/A,N/A,N/A,N/A,N/A,N/A,N/A,N/A,N/A,N/A,N/A,N/A,N/A,N/A,N/A,N/A,N/A,1,3,1,3,N/A,N/A,N/A,N/A,1,2,1,2,2,2,2,N/A,N/A,N/A,N/A,N/A,N/A,N/A,N/A,N/A,N/A,N/A,N/A,N/A,N/A,N/A,N/A,N/A,N/A,N/A,N/A,N/A,N/A,N/A,N/A
Stakeflow,1,1,2,1,1,2,1,1,2,1,1,1,N/A,1,1,1,1,1,1,1,2,2,1,2,1,1,1,2,3,1,1,1,1,1,1,1,1,1,1,2,1,1,3,1,1,1,1,2,1,1,1,1,1,2,1,1,1,3,1,1,1,1,1,1,3,1,3,1,1,1,1,1,1,1,1,N/A,1,1,N/A,1,2,1,N/A,1,1,1,N/A,N/A,N/A,1,N/A,1,1,1,2,2,2,1,1,N/A,2,3,1,3,2,2,1,N/A,N/A,N/A,N/A,N/A,N/A,N/A,N/A,N/A,1,1,N/A,N/A,N/A,N/A,1,N/A,N/A,1,1,N/A
GAME,1,1,3,1,1,3,1,1,2,1,1,1,1,1,1,1,2,1,N/A,1,2,2,1,1,1,1,1,3,3,1,1,1,N/A,1,1,1,1,1,1,2,1,1,3,1,1,1,1,1,1,1,1,2,1,1,1,1,1,1,1,1,1,1,1,1,3,1,3,1,1,1,1,1,1,1,3,1,4,1,4,1,3,1,1,1,1,1,3,1,3,1,3,1,1,1,2,1,1,1,2,1,2,2,2,2,2,2,1,3,1,2,1,1,3,1,2,1,1,1,1,1,1,2,1,1,1,1,1,3
Cypher Core,1,1,2,1,2,3,1,1,2,1,1,1,1,1,1,1,1,1,1,1,2,2,1,1,1,1,1,3,3,1,1,1,1,1,1,3,1,1,1,3,1,1,3,1,1,2,1,1,1,1,1,3,1,1,1,1,1,3,1,1,1,1,1,1,1,1,1,1,1,1,1,1,1,1,1,1,2,1,4,1,2,1,1,2,1,1,1,1,2,1,3,1,1,1,1,3,2,1,1,1,2,3,1,3,3,4,1,3,1,4,1,1,1,1,2,1,2,1,1,2,1,N/A,1,1,N/A,N/A,1,N/A
Huginn,1,1,3,N/A,N/A,2,1,1,1,N/A,1,2,1,N/A,N/A,1,1,N/A,1,1,3,3,1,2,1,1,1,1,2,1,1,N/A,1,1,1,N/A,1,1,1,3,1,1,3,1,1,2,1,1,1,1,1,1,N/A,N/A,N/A,N/A,N/A,N/A,N/A,N/A,N/A,N/A,N/A,N/A,N/A,N/A,N/A,N/A,N/A,N/A,N/A,N/A,N/A,N/A,N/A,N/A,N/A,N/A,N/A,N/A,N/A,N/A,N/A,N/A,N/A,N/A,N/A,N/A,N/A,N/A,N/A,N/A,N/A,N/A,N/A,N/A,N/A,N/A,N/A,N/A,N/A,N/A,N/A,N/A,N/A,N/A,N/A,N/A,N/A,N/A,N/A,N/A,N/A,N/A,N/A,N/A,N/A,N/A,N/A,N/A,N/A,N/A,N/A,N/A,N/A,N/A,N/A,N/A
Imperator.co,1,2,2,1,2,4,1,1,2,1,1,4,1,4,4,2,4,1,1,4,2,2,1,1,1,1,1,2,3,N/A,1,1,1,1,1,2,2,1,1,N/A,1,1,3,1,1,3,1,N/A,1,1,1,1,1,3,1,1,1,3,2,1,1,1,1,1,3,1,3,1,1,1,1,1,1,1,1,1,2,1,3,1,3,1,1,2,2,1,3,3,1,1,3,1,2,1,2,3,3,1,1,1,2,3,1,3,3,3,1,3,1,4,1,1,1,1,1,1,1,1,N/A,N/A,N/A,2,1,N/A,N/A,1,N/A,N/A
Cosmic Validator,1,1,2,1,1,3,1,1,2,1,1,1,1,1,1,1,2,1,1,1,2,2,2,2,1,1,N/A,N/A,N/A,1,1,1,1,1,1,2,2,1,1,3,1,1,3,1,1,1,2,4,1,1,1,1,1,2,1,1,1,1,1,1,1,1,1,1,3,2,3,1,1,1,1,1,1,1,1,1,2,1,4,1,2,1,1,2,1,1,2,1,1,1,3,1,N/A,1,2,1,2,1,3,2,3,3,1,3,3,2,1,1,1,4,3,1,3,1,1,1,N/A,1,1,1,1,N/A,1,1,1,1,1,N/A
WhisperNode,1,1,2,1,2,2,1,1,3,1,1,1,1,1,1,1,1,1,1,1,2,2,1,2,1,1,1,N/A,N/A,1,1,1,1,1,1,3,1,1,1,3,2,3,3,1,1,3,1,2,1,1,1,1,2,1,1,1,1,1,1,1,1,1,1,1,3,1,2,1,1,1,1,1,1,1,1,1,1,1,2,1,1,1,1,2,1,1,1,1,3,1,3,1,1,1,1,3,3,1,1,N/A,4,3,1,4,2,3,1,1,1,4,2,1,1,1,2,1,1,N/A,N/A,N/A,N/A,N/A,N/A,N/A,N/A,N/A,N/A,N/A
polkachu.com,1,1,1,1,1,4,1,1,1,1,1,1,1,1,1,1,1,1,1,1,2,2,1,1,1,1,N/A,1,3,1,1,1,1,1,1,1,1,1,2,3,1,1,3,1,1,3,1,1,1,1,1,1,2,1,1,1,1,1,1,1,1,1,1,1,3,1,1,1,1,1,1,1,1,1,1,1,1,1,1,1,1,1,1,3,3,1,1,1,N/A,1,3,1,1,1,1,1,3,1,1,1,2,3,1,3,3,3,1,3,1,4,1,1,3,1,1,1,1,1,1,1,1,1,N/A,N/A,N/A,N/A,N/A,N/A
Quokka Stake,1,1,3,1,1,1,1,1,2,1,1,1,1,1,1,1,1,1,1,1,1,2,1,3,1,N/A,1,3,4,1,1,1,1,1,1,3,N/A,1,1,3,1,1,3,1,1,3,1,3,1,1,1,1,3,1,1,1,1,1,3,1,1,1,1,1,3,1,3,1,1,1,1,1,1,1,1,1,1,1,3,1,1,1,1,1,1,1,3,1,1,1,3,1,1,1,1,N/A,N/A,N/A,N/A,N/A,N/A,N/A,N/A,N/A,N/A,N/A,N/A,N/A,N/A,N/A,N/A,N/A,N/A,N/A,N/A,N/A,N/A,N/A,N/A,N/A,N/A,N/A,N/A,N/A,N/A,N/A,N/A,N/A
DELIGHT,N/A,1,N/A,1,2,2,1,1,2,1,1,1,N/A,1,1,1,1,1,1,1,2,2,2,3,1,2,1,3,3,1,N/A,1,1,1,2,2,2,1,2,2,1,1,3,1,1,2,1,2,2,1,1,2,2,1,1,1,1,2,1,1,N/A,1,1,1,N/A,N/A,N/A,N/A,N/A,N/A,N/A,N/A,N/A,N/A,N/A,N/A,N/A,N/A,N/A,N/A,N/A,N/A,N/A,N/A,N/A,N/A,N/A,N/A,N/A,N/A,N/A,N/A,N/A,N/A,N/A,N/A,N/A,N/A,N/A,N/A,N/A,N/A,N/A,N/A,N/A,N/A,N/A,N/A,N/A,N/A,N/A,N/A,N/A,N/A,N/A,N/A,N/A,N/A,N/A,N/A,N/A,N/A,N/A,N/A,N/A,N/A,N/A,N/A
Crosnest,N/A,2,4,1,2,2,1,1,3,1,1,2,1,1,1,1,3,2,1,1,1,1,2,2,1,2,N/A,3,3,N/A,1,1,1,1,1,3,1,1,1,3,1,N/A,3,1,1,N/A,2,3,1,1,1,1,N/A,3,1,1,1,3,1,1,1,1,1,1,1,1,3,1,N/A,1,1,1,1,1,1,1,4,1,4,1,N/A,1,1,3,1,1,3,1,N/A,1,N/A,1,N/A,1,N/A,N/A,N/A,1,1,N/A,N/A,3,1,3,3,N/A,N/A,1,N/A,N/A,3,N/A,N/A,N/A,N/A,N/A,N/A,N/A,N/A,2,N/A,N/A,1,N/A,N/A,N/A,N/A,N/A
SG-1,N/A,1,N/A,N/A,1,1,N/A,1,N/A,N/A,1,N/A,4,1,N/A,2,N/A,1,N/A,1,3,2,1,N/A,1,3,1,1,3,2,1,N/A,1,2,2,2,1,1,1,2,1,2,3,1,1,2,1,3,1,1,1,N/A,N/A,1,1,2,1,3,2,1,1,1,N/A,2,3,1,2,1,1,1,1,1,1,1,1,1,2,1,3,1,2,3,1,2,1,1,2,1,2,1,2,1,1,1,2,1,1,1,1,1,2,3,1,3,2,2,1,3,1,4,4,1,4,1,1,1,1,1,1,1,1,1,1,1,N/A,1,1,3
cosmos Af,N/A,N/A,N/A,1,1,N/A,1,N/A,N/A,1,1,1,1,1,1,1,1,N/A,1,1,1,2,1,N/A,N/A,N/A,1,N/A,N/A,2,1,1,1,1,1,3,1,1,N/A,1,1,1,3,1,1,1,N/A,N/A,N/A,N/A,N/A,N/A,N/A,N/A,N/A,N/A,N/A,N/A,N/A,N/A,N/A,N/A,N/A,N/A,N/A,N/A,N/A,N/A,N/A,N/A,N/A,N/A,N/A,N/A,N/A,N/A,N/A,N/A,N/A,N/A,N/A,N/A,N/A,N/A,N/A,N/A,N/A,N/A,N/A,N/A,N/A,N/A,N/A,N/A,N/A,N/A,N/A,N/A,N/A,N/A,N/A,N/A,N/A,N/A,N/A,N/A,N/A,N/A,N/A,N/A,N/A,N/A,N/A,N/A,N/A,N/A,N/A,N/A,N/A,N/A,N/A,N/A,N/A,N/A,N/A,N/A,N/A,N/A
HyperblocksPro,N/A,N/A,N/A,N/A,1,N/A,N/A,N/A,N/A,1,N/A,N/A,1,N/A,N/A,N/A,N/A,N/A,N/A,1,N/A,N/A,N/A,N/A,1,2,N/A,N/A,N/A,1,1,1,N/A,1,1,N/A,N/A,N/A,N/A,N/A,1,1,3,N/A,1,1,1,1,N/A,N/A,1,N/A,1,2,1,1,N/A,N/A,N/A,1,1,1,1,1,2,N/A,N/A,N/A,1,1,N/A,N/A,N/A,1,2,N/A,N/A,N/A,N/A,N/A,N/A,N/A,N/A,N/A,N/A,N/A,N/A,N/A,1,N/A,N/A,N/A,N/A,N/A,N/A,N/A,N/A,N/A,N/A,N/A,N/A,N/A,N/A,N/A,N/A,N/A,N/A,N/A,N/A,N/A,N/A,N/A,N/A,N/A,N/A,N/A,N/A,N/A,N/A,N/A,N/A,N/A,N/A,N/A,N/A,N/A,N/A,N/A
POSTHUMAN Stak...,N/A,1,3,1,1,2,1,1,1,N/A,1,1,1,1,1,1,1,1,1,1,1,1,1,3,1,N/A,N/A,N/A,N/A,1,1,1,1,1,1,N/A,1,1,1,1,1,1,3,1,1,1,1,3,1,1,1,1,3,1,1,1,1,1,2,1,1,1,1,1,3,1,3,1,1,1,1,1,1,1,1,1,1,1,2,1,2,1,1,1,1,1,2,1,1,1,3,1,1,1,1,N/A,1,1,1,1,2,3,1,3,3,N/A,1,N/A,N/A,N/A,3,1,3,1,1,1,1,1,1,1,1,2,1,1,N/A,N/A,N/A,N/A
Chainflow,N/A,1,3,1,1,2,1,1,2,1,1,1,1,1,1,1,N/A,1,1,1,N/A,N/A,1,1,1,2,1,2,3,N/A,N/A,1,1,1,1,2,1,1,1,1,1,1,3,N/A,1,2,1,1,1,1,1,1,3,1,1,1,1,2,1,1,1,N/A,1,1,3,1,3,N/A,N/A,N/A,1,2,2,1,N/A,N/A,2,2,2,2,2,N/A,1,N/A,N/A,2,N/A,N/A,1,2,N/A,2,N/A,1,1,2,2,1,N/A,N/A,3,3,3,3,3,2,1,1,N/A,N/A,3,2,3,2,N/A,N/A,1,N/A,2,1,2,2,N/A,N/A,N/A,N/A,N/A,N/A
TeeNode,N/A,1,3,1,1,1,N/A,N/A,N/A,N/A,N/A,N/A,1,1,1,N/A,N/A,N/A,N/A,N/A,N/A,N/A,N/A,N/A,N/A,N/A,N/A,N/A,N/A,N/A,N/A,N/A,N/A,N/A,N/A,N/A,N/A,N/A,N/A,N/A,N/A,N/A,N/A,N/A,N/A,N/A,N/A,N/A,N/A,N/A,N/A,N/A,N/A,N/A,N/A,N/A,N/A,N/A,N/A,N/A,N/A,N/A,N/A,N/A,N/A,N/A,N/A,N/A,N/A,N/A,N/A,N/A,N/A,N/A,N/A,N/A,N/A,N/A,N/A,N/A,N/A,N/A,N/A,N/A,N/A,N/A,N/A,N/A,N/A,N/A,N/A,N/A,N/A,N/A,N/A,N/A,N/A,N/A,N/A,N/A,N/A,N/A,N/A,N/A,N/A,N/A,N/A,N/A,N/A,N/A,N/A,N/A,N/A,N/A,N/A,N/A,N/A,N/A,N/A,N/A,N/A,N/A,N/A,N/A,N/A,N/A,N/A,N/A
Provalidator,N/A,N/A,N/A,N/A,N/A,2,1,1,N/A,1,1,1,1,1,1,1,1,1,1,1,2,2,1,3,1,1,1,2,2,N/A,1,1,N/A,1,1,3,N/A,N/A,N/A,N/A,1,N/A,3,1,1,2,1,3,1,1,1,1,2,2,1,1,1,3,2,1,1,1,1,1,3,1,3,1,1,1,1,1,1,1,2,1,4,1,4,1,2,1,1,2,1,1,2,1,2,1,3,1,3,1,1,2,2,1,1,1,2,3,4,3,2,2,1,3,1,4,1,1,3,1,1,1,2,1,1,1,1,1,1,1,N/A,1,N/A,3
PRYZM | StakeDrop,N/A,1,3,1,1,1,N/A,N/A,1,N/A,1,1,1,1,1,1,1,1,1,N/A,N/A,2,1,3,1,1,1,1,N/A,N/A,N/A,1,1,1,1,1,1,1,1,3,1,1,3,N/A,N/A,N/A,N/A,2,1,1,1,1,N/A,N/A,N/A,N/A,1,3,1,1,N/A,1,N/A,N/A,3,1,3,1,1,1,N/A,N/A,N/A,1,1,N/A,1,1,3,1,N/A,N/A,1,3,1,1,1,1,N/A,1,2,1,1,N/A,N/A,N/A,N/A,N/A,N/A,N/A,N/A,N/A,N/A,N/A,N/A,N/A,N/A,N/A,N/A,N/A,N/A,N/A,N/A,N/A,N/A,N/A,N/A,N/A,N/A,N/A,N/A,N/A,N/A,N/A,N/A,N/A,N/A,N/A
StakeLab.zone,N/A,1,3,3,1,1,N/A,1,3,N/A,1,N/A,1,1,1,1,1,1,N/A,1,2,2,1,3,1,3,1,3,3,1,1,1,1,1,2,2,1,1,1,3,1,3,3,1,1,3,N/A,3,1,1,1,1,3,4,1,1,1,N/A,1,1,1,1,1,1,3,1,4,3,1,1,1,1,1,1,1,1,4,1,4,1,3,1,1,1,3,N/A,3,1,2,1,3,1,2,1,3,3,3,1,1,1,4,3,4,3,3,N/A,1,3,1,3,1,1,N/A,1,1,1,1,1,1,1,1,1,N/A,N/A,N/A,1,N/A,N/A
Onbloc Node,N/A,N/A,N/A,N/A,N/A,1,N/A,N/A,N/A,N/A,N/A,N/A,N/A,N/A,N/A,N/A,N/A,N/A,N/A,N/A,N/A,N/A,2,3,1,2,1,3,3,1,1,1,1,1,1,3,2,1,1,2,N/A,2,3,1,1,3,2,4,1,1,1,2,2,2,1,1,1,2,1,1,1,1,1,1,1,1,4,1,1,1,1,1,1,1,2,1,4,1,4,1,2,2,1,2,2,1,2,1,2,2,3,1,2,2,1,2,2,1,1,1,2,1,4,1,3,N/A,N/A,N/A,N/A,N/A,N/A,N/A,N/A,N/A,N/A,N/A,N/A,N/A,N/A,N/A,N/A,N/A,N/A,N/A,N/A,N/A,N/A,N/A
IcyCRO,N/A,1,1,1,1,2,1,1,1,1,1,1,1,1,1,1,1,1,1,1,2,2,1,1,1,1,1,N/A,N/A,1,1,N/A,1,1,N/A,1,1,1,1,3,1,1,3,1,1,1,N/A,2,1,3,1,1,1,1,1,1,1,2,1,1,1,1,1,1,N/A,1,1,1,1,1,1,1,1,1,1,1,1,1,3,1,1,1,1,1,1,1,1,1,3,1,2,1,1,1,1,3,3,1,1,1,2,3,1,3,2,2,3,3,1,3,1,1,3,1,1,1,1,1,1,1,1,1,1,1,1,1,N/A,N/A
CloudByte,N/A,N/A,N/A,1,N/A,N/A,1,N/A,N/A,N/A,N/A,N/A,N/A,N/A,N/A,N/A,N/A,N/A,N/A,N/A,N/A,N/A,N/A,N/A,N/A,N/A,N/A,N/A,N/A,N/A,N/A,N/A,N/A,N/A,N/A,N/A,N/A,N/A,N/A,N/A,N/A,N/A,N/A,N/A,N/A,N/A,N/A,N/A,N/A,N/A,N/A,N/A,N/A,N/A,N/A,N/A,N/A,N/A,N/A,N/A,N/A,N/A,N/A,N/A,N/A,N/A,N/A,N/A,N/A,N/A,N/A,N/A,N/A,N/A,N/A,N/A,N/A,N/A,N/A,N/A,N/A,N/A,N/A,N/A,N/A,N/A,N/A,N/A,N/A,N/A,N/A,N/A,N/A,N/A,N/A,N/A,N/A,N/A,N/A,N/A,N/A,N/A,N/A,N/A,N/A,N/A,N/A,N/A,N/A,N/A,N/A,N/A,N/A,N/A,N/A,N/A,N/A,N/A,N/A,N/A,N/A,N/A,N/A,N/A,N/A,N/A,N/A,N/A
DokiaCapital,N/A,N/A,N/A,1,N/A,N/A,N/A,N/A,N/A,N/A,N/A,N/A,N/A,N/A,N/A,N/A,N/A,N/A,N/A,N/A,N/A,N/A,N/A,N/A,N/A,N/A,N/A,N/A,N/A,N/A,N/A,N/A,N/A,N/A,N/A,N/A,N/A,N/A,N/A,N/A,N/A,N/A,N/A,N/A,N/A,N/A,N/A,3,N/A,N/A,N/A,1,1,N/A,N/A,N/A,N/A,N/A,N/A,N/A,N/A,N/A,N/A,N/A,N/A,N/A,N/A,N/A,N/A,N/A,N/A,N/A,N/A,N/A,N/A,N/A,N/A,N/A,N/A,N/A,N/A,N/A,N/A,N/A,N/A,N/A,N/A,N/A,N/A,N/A,N/A,N/A,N/A,N/A,N/A,N/A,N/A,N/A,N/A,N/A,N/A,N/A,3,N/A,N/A,4,N/A,N/A,N/A,N/A,1,N/A,3,N/A,N/A,N/A,N/A,N/A,N/A,N/A,N/A,N/A,N/A,1,N/A,1,N/A,3
SmartNodes,N/A,N/A,N/A,N/A,N/A,1,N/A,N/A,N/A,N/A,N/A,N/A,N/A,N/A,N/A,N/A,N/A,N/A,N/A,1,1,3,N/A,N/A,N/A,N/A,N/A,N/A,N/A,N/A,N/A,N/A,N/A,N/A,1,3,N/A,N/A,N/A,N/A,N/A,N/A,N/A,N/A,N/A,N/A,N/A,1,N/A,N/A,N/A,N/A,3,N/A,N/A,N/A,N/A,N/A,N/A,N/A,N/A,1,N/A,N/A,N/A,N/A,N/A,N/A,1,1,N/A,1,1,1,1,N/A,N/A,N/A,2,1,N/A,N/A,N/A,2,N/A,1,2,1,2,1,3,1,3,N/A,N/A,N/A,N/A,N/A,N/A,N/A,N/A,3,3,3,2,N/A,N/A,1,N/A,N/A,1,1,4,3,1,1,1,1,1,3,1,3,1,N/A,N/A,N/A,N/A,N/A
PUPMOS,N/A,1,3,1,3,1,1,1,1,1,1,1,1,1,1,1,1,1,1,1,3,3,1,1,1,3,1,3,3,1,1,3,1,1,1,3,1,1,1,3,3,3,3,1,1,3,1,4,1,1,1,1,3,1,1,1,1,1,1,1,1,1,1,1,2,1,3,1,1,1,1,1,3,1,1,1,3,1,2,1,1,1,3,3,1,1,1,1,3,1,3,1,3,1,1,3,1,N/A,1,1,N/A,1,4,3,2,2,1,1,1,4,3,1,1,1,N/A,1,N/A,N/A,N/A,N/A,N/A,N/A,N/A,N/A,N/A,N/A,N/A,N/A
hashtower,N/A,N/A,2,N/A,N/A,1,1,N/A,N/A,N/A,N/A,N/A,N/A,N/A,N/A,N/A,N/A,N/A,N/A,N/A,1,2,N/A,N/A,N/A,N/A,N/A,N/A,N/A,N/A,N/A,N/A,N/A,N/A,N/A,N/A,N/A,N/A,N/A,N/A,N/A,N/A,N/A,N/A,N/A,N/A,N/A,N/A,N/A,N/A,N/A,N/A,3,N/A,N/A,N/A,N/A,N/A,N/A,N/A,N/A,N/A,N/A,N/A,N/A,N/A,N/A,N/A,N/A,N/A,N/A,N/A,N/A,N/A,N/A,N/A,N/A,N/A,N/A,N/A,N/A,N/A,N/A,N/A,N/A,N/A,N/A,N/A,N/A,N/A,N/A,N/A,N/A,N/A,N/A,N/A,N/A,N/A,N/A,N/A,N/A,N/A,4,N/A,N/A,N/A,N/A,N/A,N/A,N/A,N/A,N/A,N/A,N/A,N/A,N/A,N/A,N/A,N/A,N/A,N/A,N/A,N/A,N/A,N/A,N/A,N/A,N/A
P2P.ORG - P2P Val...,N/A,N/A,N/A,1,1,2,1,1,2,1,1,1,4,1,1,1,1,1,1,1,1,2,1,3,N/A,1,1,1,3,1,1,1,1,1,1,1,1,1,1,3,1,1,3,1,1,2,1,3,1,1,1,1,1,3,1,1,1,1,3,1,1,1,1,1,3,1,3,1,1,1,1,1,1,1,1,1,1,1,2,1,1,1,1,2,1,1,1,1,2,1,3,1,1,1,1,3,1,1,1,1,4,3,1,3,4,4,1,3,1,4,1,1,1,N/A,1,1,2,1,1,1,1,3,1,N/A,N/A,1,N/A,N/A
StakeSeeker by BTCS,N/A,N/A,N/A,N/A,N/A,2,2,N/A,N/A,N/A,2,2,N/A,1,2,2,N/A,2,1,1,2,2,N/A,2,1,2,2,2,2,N/A,1,2,2,2,2,3,2,2,2,2,2,2,2,N/A,N/A,2,2,3,1,1,1,2,N/A,2,2,2,2,2,1,2,2,1,2,2,2,2,2,2,2,1,1,1,2,1,1,1,2,1,2,2,1,1,1,2,2,1,2,2,2,N/A,3,1,1,1,2,N/A,N/A,1,1,N/A,N/A,N/A,N/A,N/A,N/A,N/A,N/A,N/A,N/A,N/A,N/A,N/A,N/A,N/A,N/A,N/A,N/A,N/A,N/A,N/A,N/A,N/A,N/A,N/A,N/A,N/A,N/A,N/A
jabbey,N/A,N/A,N/A,N/A,N/A,4,N/A,N/A,N/A,1,N/A,N/A,N/A,N/A,N/A,N/A,N/A,N/A,1,N/A,1,N/A,N/A,N/A,N/A,N/A,1,1,N/A,N/A,1,1,N/A,N/A,1,1,N/A,N/A,1,N/A,1,1,N/A,N/A,1,N/A,1,1,1,1,1,1,1,3,1,1,1,N/A,1,1,1,1,1,1,1,1,1,1,1,1,1,1,1,1,1,1,1,1,1,1,1,1,1,1,1,1,1,1,1,1,3,1,1,1,2,3,3,1,1,1,3,3,1,3,1,N/A,1,3,1,2,1,1,1,1,1,1,1,1,1,N/A,N/A,N/A,1,N/A,N/A,N/A,N/A,N/A
Factor,N/A,N/A,N/A,N/A,N/A,N/A,N/A,N/A,N/A,1,N/A,N/A,N/A,N/A,N/A,N/A,1,N/A,N/A,N/A,N/A,N/A,N/A,N/A,N/A,N/A,N/A,N/A,N/A,N/A,N/A,1,N/A,N/A,N/A,N/A,N/A,N/A,1,3,1,N/A,N/A,N/A,N/A,N/A,N/A,3,N/A,N/A,N/A,N/A,N/A,N/A,N/A,N/A,N/A,N/A,N/A,N/A,N/A,N/A,N/A,N/A,N/A,N/A,N/A,N/A,N/A,N/A,N/A,N/A,N/A,N/A,N/A,N/A,N/A,N/A,N/A,N/A,N/A,N/A,N/A,N/A,N/A,N/A,N/A,N/A,N/A,N/A,N/A,N/A,N/A,N/A,N/A,N/A,N/A,N/A,N/A,N/A,N/A,N/A,N/A,N/A,N/A,N/A,N/A,N/A,N/A,N/A,N/A,N/A,N/A,N/A,N/A,N/A,N/A,N/A,N/A,N/A,N/A,N/A,N/A,N/A,N/A,N/A,N/A,N/A
iqlusion,N/A,N/A,N/A,N/A,N/A,N/A,N/A,1,1,1,1,1,N/A,N/A,N/A,N/A,N/A,N/A,1,N/A,N/A,N/A,N/A,N/A,N/A,1,N/A,N/A,N/A,N/A,N/A,N/A,N/A,N/A,1,1,1,1,1,N/A,1,1,3,1,1,1,2,1,1,1,1,3,1,3,1,3,N/A,1,1,1,N/A,1,N/A,N/A,3,N/A,4,1,1,1,N/A,N/A,N/A,N/A,N/A,N/A,1,1,1,1,1,N/A,1,N/A,N/A,1,1,1,N/A,N/A,N/A,1,1,N/A,N/A,N/A,N/A,1,1,N/A,N/A,3,1,4,4,4,1,N/A,N/A,N/A,1,1,1,1,N/A,N/A,N/A,N/A,N/A,N/A,N/A,1,1,N/A,N/A,1,1,N/A
MultiChain ventures,N/A,N/A,N/A,N/A,N/A,N/A,N/A,2,N/A,1,N/A,N/A,N/A,N/A,N/A,N/A,N/A,N/A,N/A,N/A,N/A,N/A,N/A,N/A,N/A,N/A,N/A,2,3,N/A,N/A,1,N/A,N/A,1,1,N/A,N/A,N/A,3,N/A,1,N/A,N/A,1,N/A,N/A,1,1,1,1,N/A,1,N/A,N/A,N/A,N/A,N/A,N/A,1,N/A,N/A,N/A,N/A,N/A,N/A,N/A,1,1,1,1,1,1,N/A,N/A,N/A,N/A,N/A,N/A,N/A,N/A,N/A,N/A,N/A,N/A,N/A,N/A,1,1,N/A,N/A,1,1,1,1,2,2,1,N/A,N/A,N/A,3,1,3,2,2,2,N/A,N/A,N/A,1,1,2,1,1,1,2,1,1,1,1,N/A,1,1,N/A,N/A,1,N/A
ChainLayer,N/A,N/A,N/A,N/A,N/A,N/A,N/A,N/A,N/A,N/A,1,2,N/A,N/A,N/A,N/A,N/A,1,1,1,N/A,N/A,N/A,N/A,N/A,2,1,2,3,1,1,1,4,1,1,2,1,1,1,2,1,1,3,1,1,2,1,3,1,1,1,2,1,N/A,1,2,1,2,1,1,1,1,1,1,N/A,1,3,1,N/A,1,1,1,1,1,1,1,2,1,1,1,2,1,1,2,1,1,N/A,1,2,1,3,1,1,1,1,1,3,1,1,1,3,3,4,3,3,3,1,2,1,4,1,1,2,1,1,1,1,1,1,1,1,N/A,1,N/A,N/A,N/A,1,N/A
HashKey Cloud,N/A,N/A,N/A,N/A,N/A,N/A,N/A,N/A,N/A,N/A,1,N/A,N/A,N/A,1,N/A,N/A,1,N/A,1,2,2,2,3,1,1,1,2,1,1,1,N/A,N/A,1,1,2,1,1,1,2,1,1,3,1,1,1,2,2,1,1,1,1,2,2,1,1,1,3,1,N/A,1,1,1,1,3,1,3,1,1,1,N/A,1,1,1,1,1,2,1,3,1,2,1,1,N/A,2,1,1,1,2,1,3,1,1,1,N/A,N/A,N/A,N/A,1,N/A,N/A,N/A,N/A,N/A,N/A,N/A,N/A,N/A,N/A,N/A,N/A,N/A,N/A,N/A,N/A,N/A,1,1,N/A,N/A,1,N/A,N/A,N/A,N/A,N/A,N/A,N/A
Cryptostake.com,N/A,N/A,N/A,N/A,N/A,N/A,N/A,N/A,N/A,N/A,N/A,N/A,1,1,1,1,1,1,1,1,N/A,N/A,N/A,N/A,N/A,N/A,N/A,N/A,N/A,N/A,N/A,N/A,N/A,N/A,N/A,N/A,N/A,N/A,N/A,N/A,N/A,N/A,N/A,N/A,N/A,N/A,N/A,N/A,N/A,N/A,N/A,N/A,N/A,N/A,N/A,N/A,N/A,N/A,N/A,N/A,N/A,N/A,N/A,N/A,N/A,N/A,N/A,N/A,N/A,N/A,N/A,N/A,N/A,N/A,N/A,N/A,N/A,N/A,N/A,N/A,N/A,N/A,N/A,N/A,N/A,1,N/A,N/A,N/A,N/A,N/A,N/A,N/A,N/A,N/A,N/A,N/A,N/A,N/A,N/A,N/A,N/A,N/A,N/A,N/A,N/A,N/A,N/A,N/A,N/A,N/A,N/A,N/A,N/A,N/A,N/A,N/A,N/A,N/A,N/A,N/A,N/A,N/A,N/A,N/A,N/A,N/A,N/A
Colossus,N/A,N/A,N/A,N/A,N/A,N/A,N/A,N/A,N/A,N/A,N/A,N/A,1,1,N/A,N/A,N/A,N/A,N/A,N/A,N/A,N/A,N/A,N/A,N/A,N/A,N/A,N/A,N/A,1,1,1,1,1,1,3,N/A,N/A,1,3,1,1,3,1,1,1,1,2,1,1,1,1,N/A,N/A,N/A,N/A,N/A,N/A,N/A,N/A,N/A,N/A,N/A,N/A,N/A,N/A,N/A,N/A,1,1,1,1,1,N/A,N/A,N/A,N/A,1,N/A,N/A,N/A,N/A,N/A,N/A,N/A,N/A,N/A,N/A,N/A,N/A,N/A,N/A,N/A,N/A,N/A,N/A,N/A,N/A,N/A,N/A,N/A,N/A,N/A,N/A,N/A,N/A,N/A,N/A,N/A,N/A,N/A,N/A,N/A,N/A,N/A,N/A,N/A,N/A,N/A,N/A,N/A,N/A,N/A,N/A,N/A,N/A,N/A,N/A
Alessandro Mazza,N/A,N/A,N/A,N/A,N/A,N/A,N/A,N/A,N/A,N/A,N/A,N/A,1,1,1,N/A,N/A,1,1,1,N/A,N/A,N/A,N/A,1,3,N/A,1,3,1,1,1,1,1,1,1,1,1,1,3,1,1,3,1,1,3,1,N/A,N/A,N/A,N/A,N/A,N/A,N/A,N/A,N/A,N/A,N/A,N/A,N/A,N/A,N/A,N/A,N/A,N/A,N/A,N/A,N/A,N/A,N/A,N/A,N/A,N/A,N/A,N/A,N/A,N/A,N/A,N/A,N/A,N/A,N/A,N/A,N/A,N/A,N/A,N/A,N/A,N/A,N/A,N/A,N/A,N/A,N/A,N/A,N/A,N/A,N/A,N/A,N/A,N/A,N/A,N/A,N/A,N/A,N/A,N/A,N/A,N/A,N/A,N/A,N/A,N/A,N/A,N/A,N/A,N/A,N/A,N/A,N/A,N/A,N/A,N/A,N/A,N/A,N/A,N/A,N/A
Klub Staking,N/A,N/A,N/A,N/A,N/A,N/A,N/A,N/A,N/A,N/A,N/A,N/A,N/A,1,1,2,1,N/A,N/A,N/A,N/A,N/A,N/A,N/A,N/A,1,1,2,N/A,1,N/A,N/A,1,1,1,3,1,1,1,2,1,N/A,3,1,1,2,1,1,1,1,1,2,N/A,1,1,1,1,N/A,1,1,1,1,1,1,2,1,4,1,1,1,1,1,1,1,N/A,1,N/A,1,3,1,2,N/A,1,N/A,N/A,N/A,N/A,1,2,1,N/A,N/A,1,1,N/A,2,1,1,1,1,N/A,3,2,3,N/A,3,N/A,2,1,3,2,1,3,N/A,N/A,N/A,N/A,N/A,N/A,N/A,N/A,N/A,N/A,N/A,N/A,N/A,N/A,N/A
Ping,N/A,N/A,N/A,N/A,N/A,N/A,N/A,N/A,N/A,N/A,N/A,N/A,N/A,1,1,1,1,1,1,1,2,1,1,N/A,1,N/A,N/A,1,2,1,1,1,N/A,1,1,1,1,N/A,N/A,2,1,1,2,1,1,N/A,1,1,1,1,1,1,N/A,N/A,1,2,1,3,1,1,N/A,1,1,1,2,1,1,1,1,1,N/A,N/A,N/A,1,1,1,N/A,1,3,1,N/A,N/A,N/A,1,N/A,1,1,1,2,N/A,2,1,1,1,1,N/A,N/A,1,1,N/A,N/A,3,1,3,2,2,1,1,N/A,4,3,1,2,1,1,1,1,1,1,N/A,1,1,1,N/A,N/A,1,N/A,N/A
lunamint,N/A,N/A,N/A,N/A,N/A,N/A,N/A,N/A,N/A,N/A,N/A,N/A,N/A,1,N/A,N/A,N/A,N/A,N/A,N/A,N/A,N/A,N/A,N/A,N/A,N/A,N/A,N/A,N/A,N/A,N/A,1,N/A,N/A,N/A,N/A,N/A,N/A,N/A,N/A,N/A,N/A,N/A,N/A,N/A,N/A,N/A,3,N/A,N/A,N/A,N/A,N/A,N/A,N/A,N/A,N/A,N/A,N/A,1,1,N/A,N/A,N/A,N/A,N/A,N/A,N/A,N/A,N/A,N/A,N/A,N/A,N/A,N/A,N/A,N/A,N/A,N/A,N/A,N/A,N/A,N/A,N/A,N/A,N/A,N/A,N/A,N/A,N/A,N/A,N/A,N/A,N/A,N/A,N/A,N/A,N/A,N/A,N/A,N/A,N/A,4,N/A,N/A,N/A,N/A,N/A,N/A,3,3,1,3,1,N/A,1,1,1,1,2,1,2,1,N/A,N/A,1,N/A,N/A
BlockHunters,N/A,N/A,N/A,N/A,N/A,N/A,N/A,N/A,N/A,N/A,N/A,N/A,N/A,1,1,1,1,N/A,N/A,1,2,2,N/A,N/A,1,1,1,N/A,N/A,1,1,N/A,1,1,1,3,N/A,1,N/A,N/A,N/A,N/A,3,1,1,N/A,1,2,1,1,1,1,1,1,1,1,1,2,2,1,1,1,1,1,3,2,3,1,1,1,1,1,1,1,1,1,2,1,3,1,2,2,1,3,N/A,1,1,1,N/A,1,3,1,1,1,1,3,N/A,N/A,1,N/A,N/A,2,2,2,3,2,1,1,1,N/A,N/A,N/A,N/A,N/A,N/A,N/A,N/A,N/A,N/A,N/A,N/A,N/A,N/A,N/A,N/A,N/A,N/A,N/A
dForce,N/A,N/A,N/A,N/A,N/A,N/A,N/A,N/A,N/A,N/A,N/A,N/A,N/A,N/A,N/A,N/A,1,N/A,N/A,N/A,N/A,N/A,N/A,N/A,N/A,N/A,N/A,N/A,N/A,N/A,N/A,N/A,1,1,1,3,1,1,1,3,1,N/A,N/A,N/A,1,1,1,1,1,1,1,3,N/A,3,1,1,1,1,1,N/A,1,1,1,1,1,1,1,N/A,1,1,1,1,1,1,1,1,2,1,4,1,2,N/A,1,N/A,3,1,3,3,1,N/A,3,1,1,1,N/A,3,3,1,1,1,3,3,1,3,3,3,1,1,1,4,1,1,3,1,1,1,N/A,N/A,1,3,1,N/A,N/A,N/A,N/A,N/A,N/A,N/A
Blockpower,N/A,N/A,N/A,N/A,N/A,N/A,N/A,N/A,N/A,N/A,N/A,N/A,N/A,N/A,N/A,N/A,1,N/A,N/A,N/A,N/A,N/A,N/A,N/A,1,N/A,1,1,N/A,N/A,1,1,1,1,1,3,1,1,1,3,1,N/A,N/A,N/A,1,1,1,3,1,1,1,1,N/A,3,1,1,1,1,1,N/A,N/A,N/A,1,1,1,1,1,N/A,1,1,1,1,1,1,1,1,2,1,4,1,2,1,1,N/A,1,1,3,1,3,N/A,3,1,1,1,N/A,3,3,1,1,1,3,3,1,3,3,3,1,1,1,4,1,1,3,1,1,1,N/A,N/A,1,3,1,N/A,N/A,N/A,N/A,1,1,3
Sikka,N/A,N/A,N/A,N/A,N/A,N/A,N/A,N/A,N/A,N/A,N/A,N/A,N/A,N/A,N/A,N/A,N/A,N/A,N/A,N/A,1,1,N/A,N/A,N/A,N/A,N/A,N/A,N/A,N/A,N/A,N/A,N/A,N/A,N/A,N/A,N/A,N/A,N/A,N/A,N/A,1,N/A,N/A,N/A,N/A,N/A,1,N/A,N/A,N/A,N/A,N/A,N/A,N/A,N/A,N/A,N/A,N/A,N/A,N/A,N/A,N/A,N/A,1,N/A,N/A,1,N/A,N/A,N/A,N/A,N/A,N/A,N/A,N/A,N/A,N/A,N/A,N/A,N/A,N/A,N/A,N/A,N/A,N/A,N/A,N/A,N/A,N/A,N/A,N/A,N/A,N/A,N/A,N/A,N/A,N/A,N/A,N/A,N/A,N/A,1,N/A,N/A,N/A,N/A,N/A,N/A,N/A,N/A,N/A,N/A,N/A,N/A,N/A,N/A,N/A,N/A,N/A,N/A,N/A,1,N/A,N/A,N/A,N/A,1
Multiplex,N/A,N/A,N/A,N/A,N/A,N/A,N/A,N/A,N/A,N/A,N/A,N/A,N/A,N/A,N/A,N/A,N/A,N/A,N/A,1,N/A,N/A,N/A,N/A,1,1,1,1,N/A,N/A,N/A,N/A,N/A,N/A,N/A,N/A,1,1,1,2,N/A,N/A,3,1,1,1,N/A,1,1,1,1,1,N/A,3,N/A,N/A,N/A,2,1,1,1,1,1,1,1,1,1,1,1,1,1,1,1,1,1,1,1,1,2,1,2,1,1,N/A,N/A,1,3,1,2,1,3,1,1,1,1,3,3,1,1,1,N/A,2,1,3,2,N/A,N/A,N/A,N/A,N/A,N/A,N/A,N/A,N/A,N/A,N/A,N/A,N/A,N/A,N/A,N/A,N/A,N/A,N/A,N/A,N/A,N/A,N/A
Stargaze,N/A,N/A,N/A,N/A,N/A,N/A,N/A,N/A,N/A,N/A,N/A,N/A,N/A,N/A,N/A,N/A,N/A,N/A,N/A,N/A,1,N/A,N/A,N/A,N/A,N/A,N/A,N/A,N/A,N/A,N/A,N/A,N/A,N/A,N/A,N/A,N/A,N/A,N/A,N/A,N/A,N/A,N/A,N/A,1,2,1,3,N/A,N/A,N/A,N/A,N/A,N/A,N/A,N/A,N/A,N/A,N/A,N/A,1,N/A,N/A,N/A,N/A,N/A,N/A,N/A,N/A,N/A,N/A,N/A,N/A,N/A,N/A,1,1,1,N/A,1,N/A,N/A,N/A,N/A,N/A,N/A,N/A,N/A,N/A,N/A,N/A,N/A,N/A,N/A,N/A,N/A,N/A,N/A,N/A,N/A,N/A,N/A,N/A,N/A,N/A,N/A,N/A,N/A,N/A,N/A,N/A,N/A,N/A,N/A,N/A,N/A,N/A,N/A,N/A,N/A,N/A,N/A,1,1,N/A,1,1,1
interchain.FM,N/A,N/A,N/A,N/A,N/A,N/A,N/A,N/A,N/A,N/A,N/A,N/A,N/A,N/A,N/A,N/A,N/A,N/A,N/A,N/A,N/A,2,N/A,1,N/A,N/A,N/A,N/A,N/A,N/A,N/A,N/A,N/A,N/A,N/A,3,N/A,N/A,N/A,N/A,N/A,1,N/A,N/A,N/A,N/A,N/A,3,N/A,N/A,N/A,N/A,4,3,1,3,N/A,N/A,N/A,N/A,N/A,N/A,N/A,N/A,N/A,N/A,N/A,N/A,1,1,1,1,1,N/A,N/A,N/A,1,N/A,4,1,N/A,N/A,N/A,N/A,N/A,N/A,N/A,N/A,N/A,N/A,N/A,N/A,N/A,N/A,N/A,N/A,N/A,N/A,N/A,N/A,N/A,N/A,N/A,N/A,N/A,N/A,N/A,N/A,N/A,N/A,N/A,N/A,N/A,N/A,N/A,N/A,N/A,N/A,N/A,N/A,N/A,N/A,N/A,N/A,N/A,N/A,N/A,N/A
bitlabs,N/A,N/A,N/A,N/A,N/A,N/A,N/A,N/A,N/A,N/A,N/A,N/A,N/A,N/A,N/A,N/A,N/A,N/A,N/A,N/A,N/A,N/A,1,N/A,1,1,1,1,3,N/A,N/A,N/A,N/A,N/A,N/A,N/A,N/A,N/A,N/A,N/A,N/A,N/A,N/A,N/A,N/A,N/A,N/A,1,N/A,N/A,N/A,N/A,N/A,N/A,N/A,N/A,N/A,N/A,N/A,N/A,N/A,N/A,N/A,N/A,N/A,N/A,N/A,N/A,N/A,N/A,N/A,N/A,N/A,N/A,N/A,N/A,N/A,N/A,N/A,N/A,N/A,N/A,N/A,N/A,N/A,N/A,N/A,N/A,N/A,N/A,N/A,N/A,N/A,N/A,N/A,N/A,N/A,N/A,N/A,N/A,N/A,N/A,N/A,N/A,N/A,N/A,N/A,N/A,N/A,N/A,N/A,N/A,N/A,N/A,N/A,N/A,N/A,N/A,N/A,N/A,N/A,N/A,N/A,N/A,N/A,N/A,N/A,N/A
KysenPool Sky,N/A,N/A,N/A,N/A,N/A,N/A,N/A,N/A,N/A,N/A,N/A,N/A,N/A,N/A,N/A,N/A,N/A,N/A,N/A,N/A,N/A,N/A,N/A,N/A,N/A,N/A,1,N/A,N/A,1,1,N/A,1,2,1,3,2,2,1,3,1,1,3,1,1,2,1,3,1,1,1,1,2,3,1,1,1,2,1,1,2,1,1,1,1,2,1,N/A,N/A,1,1,1,1,1,1,1,1,1,3,1,3,1,1,N/A,N/A,1,2,1,2,N/A,3,1,1,N/A,N/A,N/A,N/A,N/A,N/A,1,3,3,2,3,N/A,N/A,N/A,N/A,N/A,N/A,N/A,N/A,N/A,N/A,N/A,N/A,1,1,1,N/A,N/A,N/A,N/A,N/A,N/A,N/A,N/A,N/A
BitValidator,N/A,N/A,N/A,N/A,N/A,N/A,N/A,N/A,N/A,N/A,N/A,N/A,N/A,N/A,N/A,N/A,N/A,N/A,N/A,N/A,N/A,N/A,N/A,N/A,N/A,N/A,1,N/A,N/A,N/A,1,1,1,N/A,1,3,1,1,1,N/A,N/A,1,3,1,1,2,1,1,1,1,1,1,2,2,1,1,1,1,1,1,1,1,N/A,1,3,1,3,1,1,1,N/A,N/A,N/A,N/A,N/A,1,N/A,N/A,N/A,N/A,N/A,N/A,N/A,N/A,N/A,N/A,N/A,N/A,N/A,N/A,N/A,N/A,N/A,N/A,N/A,N/A,N/A,N/A,N/A,N/A,N/A,2,4,3,1,N/A,N/A,1,N/A,N/A,N/A,N/A,N/A,N/A,N/A,N/A,N/A,N/A,N/A,N/A,N/A,N/A,N/A,N/A,N/A,N/A,N/A,N/A
commercio.network,N/A,N/A,N/A,N/A,N/A,N/A,N/A,N/A,N/A,N/A,N/A,N/A,N/A,N/A,N/A,N/A,N/A,N/A,N/A,N/A,N/A,N/A,N/A,N/A,N/A,N/A,N/A,2,3,1,N/A,N/A,N/A,N/A,N/A,N/A,N/A,N/A,N/A,N/A,N/A,N/A,N/A,1,1,1,1,N/A,1,1,1,1,1,N/A,N/A,N/A,N/A,3,1,1,1,1,N/A,N/A,N/A,1,3,1,1,1,1,1,1,1,1,1,2,1,2,1,1,1,1,N/A,3,1,1,1,1,N/A,3,1,1,1,3,1,1,1,1,1,2,3,1,3,2,2,N/A,N/A,N/A,N/A,1,1,1,1,1,1,1,1,1,2,1,1,1,1,N/A,1,1,N/A
Ledger,N/A,N/A,N/A,N/A,N/A,N/A,N/A,N/A,N/A,N/A,N/A,N/A,N/A,N/A,N/A,N/A,N/A,N/A,N/A,N/A,N/A,N/A,N/A,N/A,N/A,N/A,N/A,N/A,N/A,N/A,N/A,2,N/A,N/A,N/A,N/A,N/A,N/A,N/A,N/A,N/A,N/A,N/A,N/A,N/A,N/A,N/A,N/A,N/A,N/A,N/A,N/A,N/A,N/A,N/A,N/A,N/A,N/A,N/A,N/A,N/A,N/A,N/A,N/A,N/A,N/A,N/A,N/A,N/A,N/A,N/A,N/A,N/A,N/A,N/A,N/A,N/A,N/A,N/A,N/A,N/A,N/A,N/A,N/A,N/A,N/A,N/A,N/A,N/A,N/A,N/A,N/A,N/A,N/A,N/A,N/A,N/A,N/A,N/A,N/A,N/A,N/A,N/A,N/A,N/A,N/A,N/A,N/A,N/A,N/A,N/A,N/A,N/A,N/A,N/A,N/A,N/A,N/A,N/A,N/A,N/A,N/A,N/A,N/A,N/A,N/A,N/A,N/A
Commons Hub,N/A,N/A,N/A,N/A,N/A,N/A,N/A,N/A,N/A,N/A,N/A,N/A,N/A,N/A,N/A,N/A,N/A,N/A,N/A,N/A,N/A,N/A,N/A,N/A,N/A,N/A,N/A,N/A,N/A,N/A,N/A,N/A,1,4,1,N/A,1,1,1,3,1,1,3,1,1,2,1,1,1,1,1,1,2,N/A,1,N/A,N/A,N/A,N/A,1,1,N/A,N/A,N/A,N/A,N/A,N/A,N/A,N/A,N/A,N/A,N/A,N/A,N/A,N/A,N/A,N/A,N/A,N/A,N/A,N/A,N/A,N/A,N/A,N/A,N/A,N/A,N/A,N/A,N/A,N/A,N/A,N/A,N/A,N/A,N/A,N/A,N/A,N/A,N/A,N/A,N/A,N/A,N/A,N/A,N/A,N/A,N/A,N/A,N/A,N/A,N/A,N/A,N/A,N/A,N/A,N/A,N/A,N/A,N/A,N/A,N/A,N/A,N/A,N/A,N/A,N/A,N/A
grant.fish,N/A,N/A,N/A,N/A,N/A,N/A,N/A,N/A,N/A,N/A,N/A,N/A,N/A,N/A,N/A,N/A,N/A,N/A,N/A,N/A,N/A,N/A,N/A,N/A,N/A,N/A,N/A,N/A,N/A,N/A,N/A,N/A,N/A,N/A,N/A,3,N/A,N/A,N/A,N/A,N/A,N/A,N/A,N/A,N/A,N/A,1,2,1,1,1,1,1,N/A,N/A,N/A,N/A,N/A,N/A,N/A,N/A,N/A,N/A,N/A,N/A,1,N/A,N/A,N/A,1,N/A,N/A,N/A,N/A,N/A,N/A,N/A,1,N/A,1,N/A,N/A,N/A,N/A,N/A,N/A,N/A,N/A,N/A,N/A,N/A,N/A,N/A,N/A,N/A,N/A,1,1,N/A,1,N/A,2,2,N/A,N/A,N/A,N/A,N/A,N/A,N/A,N/A,N/A,N/A,N/A,N/A,N/A,N/A,1,1,1,1,N/A,1,1,1,1,1,1
stake.fish,N/A,N/A,N/A,N/A,N/A,N/A,N/A,N/A,N/A,N/A,N/A,N/A,N/A,N/A,N/A,N/A,N/A,N/A,N/A,N/A,N/A,N/A,N/A,N/A,N/A,N/A,N/A,N/A,N/A,N/A,N/A,N/A,N/A,N/A,N/A,3,N/A,N/A,N/A,N/A,N/A,N/A,N/A,N/A,N/A,N/A,1,2,1,1,1,1,1,N/A,1,2,1,N/A,1,N/A,N/A,N/A,N/A,N/A,N/A,1,N/A,N/A,N/A,1,N/A,N/A,N/A,N/A,N/A,N/A,N/A,1,N/A,1,N/A,N/A,N/A,N/A,N/A,N/A,N/A,N/A,N/A,N/A,N/A,1,N/A,N/A,N/A,N/A,1,1,N/A,1,N/A,2,2,N/A,N/A,N/A,N/A,3,1,4,1,N/A,3,1,1,1,N/A,1,1,1,1,N/A,1,1,1,1,1,1
Atomic power node,N/A,N/A,N/A,N/A,N/A,N/A,N/A,N/A,N/A,N/A,N/A,N/A,N/A,N/A,N/A,N/A,N/A,N/A,N/A,N/A,N/A,N/A,N/A,N/A,N/A,N/A,N/A,N/A,N/A,N/A,N/A,N/A,N/A,1,1,3,1,1,1,1,N/A,N/A,N/A,N/A,1,2,1,3,N/A,N/A,N/A,1,3,N/A,1,N/A,1,3,N/A,1,1,1,1,1,3,1,3,1,1,1,N/A,N/A,N/A,N/A,N/A,N/A,N/A,N/A,N/A,N/A,N/A,N/A,1,2,2,1,2,1,3,1,2,1,N/A,1,1,3,3,1,N/A,1,3,3,4,3,3,3,1,3,1,1,1,N/A,2,1,1,N/A,1,1,1,1,1,2,1,1,1,1,1,N/A
securesecrets,N/A,N/A,N/A,N/A,N/A,N/A,N/A,N/A,N/A,N/A,N/A,N/A,N/A,N/A,N/A,N/A,N/A,N/A,N/A,N/A,N/A,N/A,N/A,N/A,N/A,N/A,N/A,N/A,N/A,N/A,N/A,N/A,N/A,N/A,N/A,1,N/A,N/A,N/A,1,1,1,3,1,1,1,1,1,1,1,1,1,1,2,1,1,1,1,1,1,1,1,1,1,3,1,1,1,1,1,1,1,1,1,N/A,1,2,1,3,1,1,N/A,N/A,2,1,1,N/A,N/A,N/A,N/A,N/A,N/A,N/A,N/A,N/A,N/A,N/A,N/A,N/A,N/A,N/A,3,1,3,3,N/A,1,N/A,1,N/A,N/A,1,1,1,N/A,1,1,1,1,1,1,2,1,1,N/A,N/A,N/A,N/A
uGaenn,N/A,N/A,N/A,N/A,N/A,N/A,N/A,N/A,N/A,N/A,N/A,N/A,N/A,N/A,N/A,N/A,N/A,N/A,N/A,N/A,N/A,N/A,N/A,N/A,N/A,N/A,N/A,N/A,N/A,N/A,N/A,N/A,N/A,N/A,N/A,N/A,N/A,N/A,N/A,N/A,N/A,N/A,N/A,N/A,3,N/A,N/A,N/A,N/A,N/A,N/A,N/A,2,N/A,N/A,N/A,N/A,3,3,1,3,3,3,1,3,N/A,N/A,1,1,1,3,3,3,3,3,3,1,3,3,3,3,3,1,3,1,1,3,3,3,1,3,1,1,1,1,3,3,3,3,1,3,3,1,3,3,3,N/A,1,1,3,1,1,3,N/A,N/A,1,1,1,1,1,1,N/A,N/A,N/A,N/A,N/A,N/A,N/A
Defi Wallet,N/A,N/A,N/A,N/A,N/A,N/A,N/A,N/A,N/A,N/A,N/A,N/A,N/A,N/A,N/A,N/A,N/A,N/A,N/A,N/A,N/A,N/A,N/A,N/A,N/A,N/A,N/A,N/A,N/A,N/A,N/A,N/A,N/A,N/A,N/A,N/A,N/A,N/A,N/A,N/A,N/A,N/A,N/A,N/A,1,N/A,1,N/A,N/A,N/A,N/A,N/A,N/A,N/A,N/A,N/A,N/A,N/A,N/A,N/A,N/A,N/A,N/A,N/A,N/A,N/A,N/A,N/A,N/A,N/A,N/A,N/A,N/A,N/A,N/A,N/A,N/A,N/A,N/A,N/A,N/A,N/A,N/A,N/A,N/A,N/A,N/A,N/A,N/A,N/A,N/A,N/A,N/A,N/A,N/A,N/A,N/A,N/A,N/A,N/A,N/A,N/A,N/A,N/A,N/A,N/A,N/A,N/A,N/A,N/A,N/A,N/A,N/A,N/A,N/A,N/A,N/A,N/A,N/A,N/A,N/A,N/A,N/A,N/A,N/A,N/A,N/A,N/A
Wetez,N/A,N/A,N/A,N/A,N/A,N/A,N/A,N/A,N/A,N/A,N/A,N/A,N/A,N/A,N/A,N/A,N/A,N/A,N/A,N/A,N/A,N/A,N/A,N/A,N/A,N/A,N/A,N/A,N/A,N/A,N/A,N/A,N/A,N/A,N/A,N/A,N/A,N/A,N/A,N/A,N/A,N/A,N/A,N/A,1,3,N/A,N/A,1,1,1,1,1,1,1,1,1,1,1,1,1,1,1,1,1,1,1,1,1,1,1,1,1,3,1,N/A,N/A,N/A,N/A,N/A,N/A,1,N/A,N/A,N/A,1,1,1,1,1,1,1,N/A,1,1,N/A,N/A,1,1,N/A,1,1,1,1,1,1,1,1,1,1,1,1,1,1,N/A,N/A,N/A,1,N/A,1,N/A,N/A,N/A,N/A,N/A,N/A,N/A,N/A
BouBouNode,N/A,N/A,N/A,N/A,N/A,N/A,N/A,N/A,N/A,N/A,N/A,N/A,N/A,N/A,N/A,N/A,N/A,N/A,N/A,N/A,N/A,N/A,N/A,N/A,N/A,N/A,N/A,N/A,N/A,N/A,N/A,N/A,N/A,N/A,N/A,N/A,N/A,N/A,N/A,N/A,N/A,N/A,N/A,N/A,N/A,N/A,N/A,1,N/A,N/A,N/A,N/A,1,N/A,N/A,N/A,N/A,N/A,N/A,N/A,N/A,N/A,N/A,N/A,N/A,N/A,N/A,N/A,N/A,N/A,N/A,N/A,N/A,N/A,N/A,N/A,N/A,N/A,N/A,N/A,N/A,N/A,N/A,N/A,N/A,1,N/A,N/A,N/A,N/A,N/A,N/A,N/A,N/A,N/A,N/A,N/A,N/A,N/A,N/A,N/A,N/A,3,N/A,N/A,N/A,1,N/A,N/A,N/A,1,N/A,N/A,N/A,N/A,N/A,N/A,N/A,N/A,2,1,N/A,N/A,N/A,N/A,1,N/A,N/A
Dawns.world,N/A,N/A,N/A,N/A,N/A,N/A,N/A,N/A,N/A,N/A,N/A,N/A,N/A,N/A,N/A,N/A,N/A,N/A,N/A,N/A,N/A,N/A,N/A,N/A,N/A,N/A,N/A,N/A,N/A,N/A,N/A,N/A,N/A,N/A,N/A,N/A,N/A,N/A,N/A,N/A,N/A,N/A,N/A,N/A,N/A,N/A,N/A,1,N/A,N/A,N/A,N/A,N/A,N/A,N/A,N/A,N/A,N/A,N/A,N/A,N/A,N/A,N/A,N/A,N/A,N/A,N/A,N/A,N/A,N/A,N/A,N/A,N/A,N/A,N/A,N/A,N/A,1,N/A,1,N/A,N/A,N/A,N/A,N/A,N/A,N/A,N/A,N/A,N/A,N/A,N/A,N/A,N/A,N/A,N/A,N/A,N/A,N/A,1,N/A,1,1,1,1,3,N/A,N/A,N/A,N/A,1,1,3,1,1,1,1,1,1,1,1,1,1,1,1,1,N/A,N/A
Huobi,N/A,N/A,N/A,N/A,N/A,N/A,N/A,N/A,N/A,N/A,N/A,N/A,N/A,N/A,N/A,N/A,N/A,N/A,N/A,N/A,N/A,N/A,N/A,N/A,N/A,N/A,N/A,N/A,N/A,N/A,N/A,N/A,N/A,N/A,N/A,N/A,N/A,N/A,N/A,N/A,N/A,N/A,N/A,N/A,N/A,N/A,N/A,N/A,N/A,N/A,N/A,N/A,N/A,N/A,1,1,1,N/A,N/A,1,1,N/A,1,1,3,1,3,N/A,N/A,N/A,N/A,N/A,N/A,N/A,N/A,N/A,N/A,N/A,N/A,N/A,N/A,N/A,N/A,N/A,N/A,N/A,N/A,N/A,N/A,N/A,N/A,N/A,N/A,N/A,N/A,N/A,N/A,N/A,N/A,N/A,N/A,3,1,3,3,N/A,1,N/A,1,N/A,N/A,N/A,N/A,N/A,N/A,N/A,N/A,N/A,N/A,N/A,N/A,N/A,N/A,N/A,N/A,N/A,N/A,N/A
Staking Fund,N/A,N/A,N/A,N/A,N/A,N/A,N/A,N/A,N/A,N/A,N/A,N/A,N/A,N/A,N/A,N/A,N/A,N/A,N/A,N/A,N/A,N/A,N/A,N/A,N/A,N/A,N/A,N/A,N/A,N/A,N/A,N/A,N/A,N/A,N/A,N/A,N/A,N/A,N/A,N/A,N/A,N/A,N/A,N/A,N/A,N/A,N/A,N/A,N/A,N/A,N/A,N/A,N/A,N/A,N/A,N/A,N/A,N/A,N/A,N/A,N/A,1,N/A,N/A,N/A,N/A,N/A,N/A,1,1,1,1,1,1,1,1,2,N/A,3,1,N/A,1,N/A,3,3,1,2,1,3,1,3,1,1,1,3,3,1,3,1,1,N/A,3,1,3,3,2,1,N/A,1,2,2,1,1,1,2,N/A,2,1,2,2,2,N/A,1,1,N/A,1,1,3
Coinbase,N/A,N/A,N/A,N/A,N/A,N/A,N/A,N/A,N/A,N/A,N/A,N/A,N/A,N/A,N/A,N/A,N/A,N/A,N/A,N/A,N/A,N/A,N/A,N/A,N/A,N/A,N/A,N/A,N/A,N/A,N/A,N/A,N/A,N/A,N/A,N/A,N/A,N/A,N/A,N/A,N/A,N/A,N/A,N/A,N/A,N/A,N/A,N/A,N/A,N/A,N/A,N/A,N/A,N/A,N/A,N/A,N/A,N/A,N/A,N/A,N/A,N/A,N/A,N/A,N/A,N/A,N/A,N/A,N/A,N/A,N/A,N/A,N/A,N/A,N/A,N/A,N/A,1,N/A,N/A,N/A,N/A,N/A,N/A,N/A,N/A,N/A,N/A,N/A,N/A,N/A,N/A,2,N/A,N/A,N/A,N/A,N/A,N/A,N/A,2,2,1,2,N/A,N/A,N/A,N/A,1,4,N/A,1,2,1,N/A,N/A,1,1,N/A,N/A,N/A,N/A,N/A,N/A,N/A,N/A,N/A,N/A
InfStones,N/A,N/A,N/A,N/A,N/A,N/A,N/A,N/A,N/A,N/A,N/A,N/A,N/A,N/A,N/A,N/A,N/A,N/A,N/A,N/A,N/A,N/A,N/A,N/A,N/A,N/A,N/A,N/A,N/A,N/A,N/A,N/A,N/A,N/A,N/A,N/A,N/A,N/A,N/A,N/A,N/A,N/A,N/A,N/A,N/A,N/A,N/A,N/A,N/A,N/A,N/A,N/A,N/A,N/A,N/A,N/A,N/A,N/A,N/A,N/A,N/A,N/A,N/A,N/A,N/A,N/A,N/A,N/A,N/A,N/A,N/A,N/A,N/A,N/A,N/A,N/A,N/A,N/A,N/A,N/A,N/A,N/A,N/A,N/A,N/A,N/A,N/A,N/A,N/A,1,3,1,2,1,1,3,3,1,1,N/A,N/A,N/A,N/A,N/A,N/A,N/A,N/A,N/A,N/A,N/A,N/A,N/A,N/A,N/A,N/A,N/A,N/A,N/A,N/A,N/A,N/A,N/A,N/A,N/A,N/A,N/A,N/A,N/A
Staked,N/A,N/A,N/A,N/A,N/A,N/A,N/A,N/A,N/A,N/A,N/A,N/A,N/A,N/A,N/A,N/A,N/A,N/A,N/A,N/A,N/A,N/A,N/A,N/A,N/A,N/A,N/A,N/A,N/A,N/A,N/A,N/A,N/A,N/A,N/A,N/A,N/A,N/A,N/A,N/A,N/A,N/A,N/A,N/A,N/A,N/A,N/A,N/A,N/A,N/A,N/A,N/A,N/A,N/A,N/A,N/A,N/A,N/A,N/A,N/A,N/A,N/A,N/A,N/A,N/A,N/A,N/A,N/A,N/A,N/A,N/A,N/A,N/A,N/A,N/A,N/A,N/A,N/A,N/A,N/A,N/A,N/A,N/A,N/A,N/A,N/A,N/A,N/A,N/A,N/A,N/A,N/A,N/A,N/A,N/A,N/A,N/A,N/A,N/A,2,N/A,N/A,N/A,N/A,N/A,N/A,N/A,N/A,N/A,N/A,N/A,N/A,N/A,N/A,N/A,N/A,N/A,N/A,N/A,N/A,N/A,N/A,N/A,N/A,N/A,N/A,N/A,N/A
NO! Fee to 2025,N/A,N/A,N/A,N/A,N/A,N/A,N/A,N/A,N/A,N/A,N/A,N/A,N/A,N/A,N/A,N/A,N/A,N/A,N/A,N/A,N/A,N/A,N/A,N/A,N/A,N/A,N/A,N/A,N/A,N/A,N/A,N/A,N/A,N/A,N/A,N/A,N/A,N/A,N/A,N/A,N/A,N/A,N/A,N/A,N/A,N/A,N/A,N/A,N/A,N/A,N/A,N/A,N/A,N/A,N/A,N/A,N/A,N/A,N/A,N/A,N/A,N/A,N/A,N/A,N/A,N/A,N/A,N/A,N/A,N/A,N/A,N/A,N/A,N/A,N/A,N/A,N/A,N/A,N/A,N/A,N/A,N/A,N/A,N/A,N/A,N/A,N/A,N/A,N/A,N/A,N/A,N/A,N/A,N/A,N/A,N/A,N/A,N/A,N/A,N/A,N/A,N/A,3,N/A,N/A,N/A,N/A,N/A,N/A,N/A,N/A,N/A,N/A,N/A,N/A,N/A,N/A,N/A,N/A,N/A,N/A,N/A,1,1,N/A,N/A,N/A,N/A
KuCoin,N/A,N/A,N/A,N/A,N/A,N/A,N/A,N/A,N/A,N/A,N/A,N/A,N/A,N/A,N/A,N/A,N/A,N/A,N/A,N/A,N/A,N/A,N/A,N/A,N/A,N/A,N/A,N/A,N/A,N/A,N/A,N/A,N/A,N/A,N/A,N/A,N/A,N/A,N/A,N/A,N/A,N/A,N/A,N/A,N/A,N/A,N/A,N/A,N/A,N/A,N/A,N/A,N/A,N/A,N/A,N/A,N/A,N/A,N/A,N/A,N/A,N/A,N/A,N/A,N/A,N/A,N/A,N/A,N/A,N/A,N/A,N/A,N/A,N/A,N/A,N/A,N/A,N/A,N/A,N/A,N/A,N/A,N/A,N/A,N/A,N/A,N/A,N/A,N/A,N/A,N/A,N/A,N/A,N/A,N/A,N/A,N/A,N/A,N/A,N/A,N/A,N/A,1,N/A,N/A,N/A,N/A,N/A,N/A,N/A,N/A,N/A,N/A,N/A,N/A,N/A,N/A,N/A,N/A,N/A,N/A,N/A,N/A,N/A,N/A,N/A,N/A,N/A
Paradigm,N/A,N/A,N/A,N/A,N/A,N/A,N/A,N/A,N/A,N/A,N/A,N/A,N/A,N/A,N/A,N/A,N/A,N/A,N/A,N/A,N/A,N/A,N/A,N/A,N/A,N/A,N/A,N/A,N/A,N/A,N/A,N/A,N/A,N/A,N/A,N/A,N/A,N/A,N/A,N/A,N/A,N/A,N/A,N/A,N/A,N/A,N/A,N/A,N/A,N/A,N/A,N/A,N/A,N/A,N/A,N/A,N/A,N/A,N/A,N/A,N/A,N/A,N/A,N/A,N/A,N/A,N/A,N/A,N/A,N/A,N/A,N/A,N/A,N/A,N/A,N/A,N/A,N/A,N/A,N/A,N/A,N/A,N/A,N/A,N/A,N/A,N/A,N/A,N/A,N/A,N/A,N/A,N/A,N/A,N/A,N/A,N/A,N/A,N/A,N/A,N/A,N/A,1,N/A,N/A,N/A,N/A,N/A,N/A,N/A,N/A,N/A,N/A,N/A,N/A,N/A,N/A,N/A,N/A,N/A,N/A,N/A,N/A,N/A,N/A,N/A,N/A,N/A
Figment,N/A,N/A,N/A,N/A,N/A,N/A,N/A,N/A,N/A,N/A,N/A,N/A,N/A,N/A,N/A,N/A,N/A,N/A,N/A,N/A,N/A,N/A,N/A,N/A,N/A,N/A,N/A,N/A,N/A,N/A,N/A,N/A,N/A,N/A,N/A,N/A,N/A,N/A,N/A,N/A,N/A,N/A,N/A,N/A,N/A,N/A,N/A,N/A,N/A,N/A,N/A,N/A,N/A,N/A,N/A,N/A,N/A,N/A,N/A,N/A,N/A,N/A,N/A,N/A,N/A,N/A,N/A,N/A,N/A,N/A,N/A,N/A,N/A,N/A,N/A,N/A,N/A,N/A,N/A,N/A,N/A,N/A,N/A,N/A,N/A,N/A,N/A,N/A,N/A,N/A,N/A,N/A,N/A,N/A,N/A,N/A,N/A,N/A,N/A,N/A,N/A,2,2,2,3,3,1,N/A,N/A,N/A,1,N/A,1,N/A,N/A,N/A,1,1,1,1,N/A,N/A,1,N/A,N/A,1,1,N/A
stakezone,N/A,N/A,N/A,N/A,N/A,N/A,N/A,N/A,N/A,N/A,N/A,N/A,N/A,N/A,N/A,N/A,N/A,N/A,N/A,N/A,N/A,N/A,N/A,N/A,N/A,N/A,N/A,N/A,N/A,N/A,N/A,N/A,N/A,N/A,N/A,N/A,N/A,N/A,N/A,N/A,N/A,N/A,N/A,N/A,N/A,N/A,N/A,N/A,N/A,N/A,N/A,N/A,N/A,N/A,N/A,N/A,N/A,N/A,N/A,N/A,N/A,N/A,N/A,N/A,N/A,N/A,N/A,N/A,N/A,N/A,N/A,N/A,N/A,N/A,N/A,N/A,N/A,N/A,N/A,N/A,N/A,N/A,N/A,N/A,N/A,N/A,N/A,N/A,N/A,N/A,N/A,N/A,N/A,N/A,N/A,N/A,N/A,N/A,N/A,N/A,N/A,N/A,N/A,N/A,N/A,N/A,N/A,N/A,N/A,N/A,N/A,N/A,N/A,N/A,N/A,N/A,N/A,N/A,N/A,N/A,N/A,N/A,1,N/A,N/A,N/A,N/A,1
LikeCoin by Liker...,N/A,N/A,N/A,N/A,N/A,N/A,N/A,N/A,N/A,N/A,N/A,N/A,N/A,N/A,N/A,N/A,N/A,N/A,N/A,N/A,N/A,N/A,N/A,N/A,N/A,N/A,N/A,N/A,N/A,N/A,N/A,N/A,N/A,N/A,N/A,N/A,N/A,N/A,N/A,N/A,N/A,N/A,N/A,N/A,N/A,N/A,N/A,N/A,N/A,N/A,N/A,N/A,N/A,N/A,N/A,N/A,N/A,N/A,N/A,N/A,N/A,N/A,N/A,N/A,N/A,N/A,N/A,N/A,N/A,N/A,N/A,N/A,N/A,N/A,N/A,N/A,N/A,N/A,N/A,N/A,N/A,N/A,N/A,N/A,N/A,N/A,N/A,N/A,N/A,N/A,N/A,N/A,N/A,N/A,N/A,N/A,N/A,N/A,N/A,N/A,N/A,N/A,N/A,N/A,N/A,N/A,N/A,N/A,N/A,N/A,N/A,N/A,N/A,N/A,N/A,N/A,N/A,N/A,N/A,N/A,N/A,N/A,1,N/A,N/A,N/A,N/A,N/A
CoinoneNode,N/A,N/A,N/A,N/A,N/A,N/A,N/A,N/A,N/A,N/A,N/A,N/A,N/A,N/A,N/A,N/A,N/A,N/A,N/A,N/A,N/A,N/A,N/A,N/A,N/A,N/A,N/A,N/A,N/A,N/A,N/A,N/A,N/A,N/A,N/A,N/A,N/A,N/A,N/A,N/A,N/A,N/A,N/A,N/A,N/A,N/A,N/A,N/A,N/A,N/A,N/A,N/A,N/A,N/A,N/A,N/A,N/A,N/A,N/A,N/A,N/A,N/A,N/A,N/A,N/A,N/A,N/A,N/A,N/A,N/A,N/A,N/A,N/A,N/A,N/A,N/A,N/A,N/A,N/A,N/A,N/A,N/A,N/A,N/A,N/A,N/A,N/A,N/A,N/A,N/A,N/A,N/A,N/A,N/A,N/A,N/A,N/A,N/A,N/A,N/A,N/A,N/A,N/A,N/A,N/A,N/A,N/A,N/A,N/A,N/A,N/A,N/A,N/A,N/A,N/A,N/A,N/A,N/A,N/A,N/A,N/A,N/A,N/A,1,N/A,N/A,N/A,N/A
Valnodes - Carbon...,N/A,N/A,N/A,N/A,N/A,N/A,N/A,N/A,N/A,N/A,N/A,N/A,N/A,N/A,N/A,N/A,N/A,N/A,N/A,N/A,N/A,N/A,N/A,N/A,N/A,N/A,N/A,N/A,N/A,N/A,N/A,N/A,N/A,N/A,N/A,N/A,N/A,N/A,N/A,N/A,N/A,N/A,N/A,N/A,N/A,N/A,N/A,N/A,N/A,N/A,N/A,N/A,N/A,N/A,N/A,N/A,N/A,N/A,N/A,N/A,N/A,N/A,N/A,N/A,N/A,N/A,N/A,N/A,N/A,N/A,N/A,N/A,N/A,N/A,N/A,N/A,N/A,N/A,N/A,N/A,N/A,N/A,N/A,N/A,N/A,N/A,N/A,N/A,N/A,N/A,N/A,N/A,N/A,N/A,N/A,N/A,N/A,N/A,N/A,N/A,N/A,N/A,N/A,N/A,N/A,N/A,N/A,N/A,N/A,N/A,N/A,N/A,N/A,N/A,N/A,N/A,N/A,N/A,N/A,N/A,N/A,N/A,N/A,N/A,N/A,1,N/A,N/A
